asin,collection,category,size,inch,item_name
B0BNKYW3,Swirl Egg-Shell,Mattress Toppers,Full,2,Swirl Egg-Shell Mattress Toppers Full size 2 inch
B0BG2PD3,Victoria,Mattress,Full,8,Victoria Mattress Full size 8 inch
B09MR4Z3,Bamboo charcoal,Mattress,Full,10,Bamboo charcoal Mattress Full size 10 inch
B09MR4Z3,Bamboo charcoal,Mattress,Full,12,Bamboo charcoal Mattress Full size 12 inch
B0B31Y1F,Bamboo charcoal,Mattress,Twin,6,Bamboo charcoal Mattress Twin size 6 inch
B0BRCW79,Anula,Mattress,Queen (U.S. Standard),6,Anula Mattress Queen (U.S. Standard) size 6 inch
B0BT4YQS,Cashmere/Isabella,Mattress,Full,14,Cashmere/Isabella Mattress Full size 14 inch
B0B31SM3,Bamboo charcoal,Mattress,Queen (U.S. Standard),14,Bamboo charcoal Mattress Queen (U.S. Standard) size 14 inch
B0BRCXXB,Anula,Mattress,Full,6,Anula Mattress Full size 6 inch
B0B69DD2,Victoria,Mattress,Queen (U.S. Standard),10,Victoria Mattress Queen (U.S. Standard) size 10 inch
B0B69GN5,Victoria,Mattress,Twin XL,12,Victoria Mattress Twin XL size 12 inch
B0BNL3Y4,Bamboo Charcoal,Mattress Toppers,Full,2,Bamboo Charcoal Mattress Toppers Full size 2 inch
B0BRCYQN,Anula,Mattress,Twin,6,Anula Mattress Twin size 6 inch
B09X1HV1,Elizabeth,Mattress,Twin XL,6,Elizabeth Mattress Twin XL size 6 inch
B0BNL64P,Bamboo Charcoal,Mattress Toppers,King,4,Bamboo Charcoal Mattress Toppers King size 4 inch
B09MR3Y2,Bamboo charcoal,Mattress,Full,8,Bamboo charcoal Mattress Full size 8 inch
B0BNLBQN,Bamboo Charcoal,Mattress Toppers,King,3,Bamboo Charcoal Mattress Toppers King size 3 inch
B09KDRMR,Elizabeth,Mattress,King (U.S. Standard),10,Elizabeth Mattress King (U.S. Standard) size 10 inch
B09X1HV1,Elizabeth,Mattress,Twin XL,6,Elizabeth Mattress Twin XL size 6 inch
B09KDZQJ,Elizabeth,Mattress,Twin,8,Elizabeth Mattress Twin size 8 inch
B09KTJRH,Innerspring,Mattress,Full,6,Innerspring Mattress Full size 6 inch
B0BRCYQN,Anula,Mattress,Twin,6,Anula Mattress Twin size 6 inch
B0BRCXQR,Anula,Mattress,Twin,8,Anula Mattress Twin size 8 inch
B0B31T1X,Bamboo charcoal,Mattress,Full,14,Bamboo charcoal Mattress Full size 14 inch
B0BRCYQN,Anula,Mattress,Twin,6,Anula Mattress Twin size 6 inch
B09MR4B1,Bamboo charcoal,Mattress,Twin,8,Bamboo charcoal Mattress Twin size 8 inch
B09KDQ2B,Elizabeth,Mattress,Full,12,Elizabeth Mattress Full size 12 inch
B0BG2T78,Victoria,Mattress,Twin XL,8,Victoria Mattress Twin XL size 8 inch
B0B69DD2,Victoria,Mattress,Queen (U.S. Standard),10,Victoria Mattress Queen (U.S. Standard) size 10 inch
B0B31Y1F,Bamboo charcoal,Mattress,Twin,6,Bamboo charcoal Mattress Twin size 6 inch
B0BNL5N2,Green Tea,Mattress Toppers,Twin-XL,2,Green Tea Mattress Toppers Twin-XL size 2 inch
B0BG2QXQ,Victoria,Mattress,King (U.S. Standard),8,Victoria Mattress King (U.S. Standard) size 8 inch
B09KDN7P,Elizabeth,Mattress,Queen (U.S. Standard),8,Elizabeth Mattress Queen (U.S. Standard) size 8 inch
B0BG2Z8C,Victoria,Mattress,Twin,8,Victoria Mattress Twin size 8 inch
B0BNKYZD,Swirl Egg-Shell,Mattress Toppers,Twin,2,Swirl Egg-Shell Mattress Toppers Twin size 2 inch
B0BNKXC5,Swirl Egg-Shell,Mattress Toppers,Twin,1.5,Swirl Egg-Shell Mattress Toppers Twin size 1.5 inch
B09X1GMW,Elizabeth,Mattress,Twin XL,14,Elizabeth Mattress Twin XL size 14 inch
B0BRCX2K,Anula,Mattress,King (U.S. Standard),8,Anula Mattress King (U.S. Standard) size 8 inch
B0BNKY2Y,Swirl Egg-Shell,Mattress Toppers,King,3,Swirl Egg-Shell Mattress Toppers King size 3 inch
B0BRCXCX,Anula,Mattress,Queen (U.S. Standard),10,Anula Mattress Queen (U.S. Standard) size 10 inch
B09MR4G7,Bamboo charcoal,Mattress,Twin,12,Bamboo charcoal Mattress Twin size 12 inch
B0BRCXQR,Anula,Mattress,Twin,8,Anula Mattress Twin size 8 inch
B0BRCXJ1,Anula,Mattress,King (U.S. Standard),6,Anula Mattress King (U.S. Standard) size 6 inch
B09X1GMW,Elizabeth,Mattress,Twin XL,14,Elizabeth Mattress Twin XL size 14 inch
B09MR3XT,Bamboo charcoal,Mattress,Queen (U.S. Standard),8,Bamboo charcoal Mattress Queen (U.S. Standard) size 8 inch
B0BSLVXH,Alpha,Bed Frame,Queen (U.S. Standard),14,Alpha Bed Frame Queen (U.S. Standard) size 14 inch
B0BG2PD3,Victoria,Mattress,Full,8,Victoria Mattress Full size 8 inch
B0BG2PD3,Victoria,Mattress,Full,8,Victoria Mattress Full size 8 inch
B0BRCXQM,Anula,Mattress,Twin XL,12,Anula Mattress Twin XL size 12 inch
B0BNL4NX,Green Tea,Mattress Toppers,Twin,1.5,Green Tea Mattress Toppers Twin size 1.5 inch
B09MR56Q,Bamboo charcoal,Mattress,Twin XL,12,Bamboo charcoal Mattress Twin XL size 12 inch
B0B31V3P,Bamboo charcoal,Mattress,Twin,14,Bamboo charcoal Mattress Twin size 14 inch
B0BNL3NZ,Bamboo Charcoal,Mattress Toppers,Queen,4,Bamboo Charcoal Mattress Toppers Queen size 4 inch
B09MR3Y2,Bamboo charcoal,Mattress,Full,8,Bamboo charcoal Mattress Full size 8 inch
B0BRCXST,Anula,Mattress,King (U.S. Standard),10,Anula Mattress King (U.S. Standard) size 10 inch
B09MR36M,Bamboo charcoal,Mattress,Twin XL,10,Bamboo charcoal Mattress Twin XL size 10 inch
B0BRCXQM,Anula,Mattress,Twin XL,12,Anula Mattress Twin XL size 12 inch
B0B69SF1,Victoria,Mattress,Twin,12,Victoria Mattress Twin size 12 inch
B0BNKYZD,Swirl Egg-Shell,Mattress Toppers,Twin,2,Swirl Egg-Shell Mattress Toppers Twin size 2 inch
B09KTMKD,Innerspring,Mattress,Twin,8,Innerspring Mattress Twin size 8 inch
B0BNKY2Y,Swirl Egg-Shell,Mattress Toppers,King,3,Swirl Egg-Shell Mattress Toppers King size 3 inch
B0BNL5BK,Bamboo Charcoal,Mattress Toppers,Twin,2,Bamboo Charcoal Mattress Toppers Twin size 2 inch
B0BNL4CB,Green Tea,Mattress Toppers,Twin-XL,1.5,Green Tea Mattress Toppers Twin-XL size 1.5 inch
B0BT51RJ,Cashmere/Isabella,Mattress,Twin,14,Cashmere/Isabella Mattress Twin size 14 inch
B09KTFXX,Innerspring,Mattress,Queen (U.S. Standard),6,Innerspring Mattress Queen (U.S. Standard) size 6 inch
B09MR3Y2,Bamboo charcoal,Mattress,Full,8,Bamboo charcoal Mattress Full size 8 inch
B0BRCXP7,Anula,Mattress,Full,8,Anula Mattress Full size 8 inch
B0BG2T78,Victoria,Mattress,Twin XL,8,Victoria Mattress Twin XL size 8 inch
B0BRCYJ3,Anula,Mattress,Twin XL,10,Anula Mattress Twin XL size 10 inch
B09KTMLQ,Innerspring,Mattress,Full,8,Innerspring Mattress Full size 8 inch
B0B31SM3,Bamboo charcoal,Mattress,Queen (U.S. Standard),14,Bamboo charcoal Mattress Queen (U.S. Standard) size 14 inch
B0B31VFJ,Bamboo charcoal,Mattress,Queen (U.S. Standard),6,Bamboo charcoal Mattress Queen (U.S. Standard) size 6 inch
B0BSLVXH,Alpha,Bed Frame,Queen (U.S. Standard),14,Alpha Bed Frame Queen (U.S. Standard) size 14 inch
B09MR3RS,Bamboo charcoal,Mattress,Twin XL,8,Bamboo charcoal Mattress Twin XL size 8 inch
B09X1H62,Elizabeth,Mattress,Twin,14,Elizabeth Mattress Twin size 14 inch
B0BNL2VK,5-Zone gel,Mattress Toppers,Full,2,5-Zone gel Mattress Toppers Full size 2 inch
B0BNKZ88,Swirl Egg-Shell,Mattress Toppers,Twin,3,Swirl Egg-Shell Mattress Toppers Twin size 3 inch
B0BG2PD3,Victoria,Mattress,Full,8,Victoria Mattress Full size 8 inch
B0BRCXJ1,Anula,Mattress,King (U.S. Standard),6,Anula Mattress King (U.S. Standard) size 6 inch
B0BRCYK4,Anula,Mattress,Full,12,Anula Mattress Full size 12 inch
B0BNL23M,5-Zone gel,Mattress Toppers,King,1.5,5-Zone gel Mattress Toppers King size 1.5 inch
B0BNL5CJ,Bamboo Charcoal,Mattress Toppers,Queen,2,Bamboo Charcoal Mattress Toppers Queen size 2 inch
B09X1J3W,Elizabeth,Mattress,King (U.S. Standard),14,Elizabeth Mattress King (U.S. Standard) size 14 inch
B0BG2Z8C,Victoria,Mattress,Twin,8,Victoria Mattress Twin size 8 inch
B09MR3RS,Bamboo charcoal,Mattress,Twin XL,8,Bamboo charcoal Mattress Twin XL size 8 inch
B0BRCYJ4,Anula,Mattress,Twin XL,6,Anula Mattress Twin XL size 6 inch
B09MR2FY,Bamboo charcoal,Mattress,Queen (U.S. Standard),10,Bamboo charcoal Mattress Queen (U.S. Standard) size 10 inch
B09MR4Z3,Bamboo charcoal,Mattress,Full,10,Bamboo charcoal Mattress Full size 10 inch
B0BNL4S7,Bamboo Charcoal,Mattress Toppers,Twin-XL,2,Bamboo Charcoal Mattress Toppers Twin-XL size 2 inch
B09MR4Z3,Bamboo charcoal,Mattress,Full,12,Bamboo charcoal Mattress Full size 12 inch
B0B69DD2,Victoria,Mattress,Queen (U.S. Standard),10,Victoria Mattress Queen (U.S. Standard) size 10 inch
B0BNL6H1,Bamboo Charcoal,Mattress Toppers,Full,4,Bamboo Charcoal Mattress Toppers Full size 4 inch
B0B31Y1F,Bamboo charcoal,Mattress,Twin,6,Bamboo charcoal Mattress Twin size 6 inch
B0B69SF1,Victoria,Mattress,Twin,12,Victoria Mattress Twin size 12 inch
B09KDYY3,Elizabeth,Mattress,Queen (U.S. Standard),10,Elizabeth Mattress Queen (U.S. Standard) size 10 inch
B0BNL63R,Green Tea,Mattress Toppers,King,4,Green Tea Mattress Toppers King size 4 inch
B0BRCY68,Anula,Mattress,King (U.S. Standard),12,Anula Mattress King (U.S. Standard) size 12 inch
B0B69DK8,Victoria,Mattress,Queen (U.S. Standard),12,Victoria Mattress Queen (U.S. Standard) size 12 inch
B0BNL12N,5-Zone gel,Mattress Toppers,King,2,5-Zone gel Mattress Toppers King size 2 inch
B09MR4D8,Bamboo charcoal,Mattress,King (U.S. Standard),10,Bamboo charcoal Mattress King (U.S. Standard) size 10 inch
B09MR2FY,Bamboo charcoal,Mattress,Queen (U.S. Standard),10,Bamboo charcoal Mattress Queen (U.S. Standard) size 10 inch
B09KF1P3,Elizabeth,Mattress,King (U.S. Standard),12,Elizabeth Mattress King (U.S. Standard) size 12 inch
B0BNKXC5,Swirl Egg-Shell,Mattress Toppers,Twin,1.5,Swirl Egg-Shell Mattress Toppers Twin size 1.5 inch
B09MR4Z3,Bamboo charcoal,Mattress,Full,12,Bamboo charcoal Mattress Full size 12 inch
B09MR3Y2,Bamboo charcoal,Mattress,Full,8,Bamboo charcoal Mattress Full size 8 inch
B0BRCYJ4,Anula,Mattress,Twin XL,6,Anula Mattress Twin XL size 6 inch
B09MR4Z3,Bamboo charcoal,Mattress,Full,10,Bamboo charcoal Mattress Full size 10 inch
B0BG2QXQ,Victoria,Mattress,King (U.S. Standard),8,Victoria Mattress King (U.S. Standard) size 8 inch
B0B31Y1F,Bamboo charcoal,Mattress,Twin,6,Bamboo charcoal Mattress Twin size 6 inch
B0BRCYK4,Anula,Mattress,Full,12,Anula Mattress Full size 12 inch
B09MR4Z3,Bamboo charcoal,Mattress,Full,12,Bamboo charcoal Mattress Full size 12 inch
B0BNL3YY,Green Tea,Mattress Toppers,Full,2,Green Tea Mattress Toppers Full size 2 inch
B0BNL3L7,Green Tea,Mattress Toppers,Full,3,Green Tea Mattress Toppers Full size 3 inch
B09KF1P3,Elizabeth,Mattress,King (U.S. Standard),12,Elizabeth Mattress King (U.S. Standard) size 12 inch
B0BG2QXQ,Victoria,Mattress,King (U.S. Standard),8,Victoria Mattress King (U.S. Standard) size 8 inch
B0BNL1MQ,Swirl Egg-Shell,Mattress Toppers,Twin,4,Swirl Egg-Shell Mattress Toppers Twin size 4 inch
B09KDN7P,Elizabeth,Mattress,Queen (U.S. Standard),8,Elizabeth Mattress Queen (U.S. Standard) size 8 inch
B0BNKYZD,Swirl Egg-Shell,Mattress Toppers,Twin,2,Swirl Egg-Shell Mattress Toppers Twin size 2 inch
B0BNL46Y,Bamboo Charcoal,Mattress Toppers,Queen,1.5,Bamboo Charcoal Mattress Toppers Queen size 1.5 inch
B0B31R1Z,Bamboo charcoal,Mattress,Full,6,Bamboo charcoal Mattress Full size 6 inch
B09KDTS4,Elizabeth,Mattress,Full,8,Elizabeth Mattress Full size 8 inch
B09KDPXY,Elizabeth,Mattress,Twin XL,12,Elizabeth Mattress Twin XL size 12 inch
B0BNL4R8,Bamboo Charcoal,Mattress Toppers,Twin-XL,3,Bamboo Charcoal Mattress Toppers Twin-XL size 3 inch
B0BNL7TJ,Swirl Egg-Shell,Mattress Toppers,Full,4,Swirl Egg-Shell Mattress Toppers Full size 4 inch
B0BNL68V,Green Tea,Mattress Toppers,King,3,Green Tea Mattress Toppers King size 3 inch
B09MR4Z3,Bamboo charcoal,Mattress,Full,12,Bamboo charcoal Mattress Full size 12 inch
B0BNL4Y2,Bamboo Charcoal,Mattress Toppers,Twin-XL,4,Bamboo Charcoal Mattress Toppers Twin-XL size 4 inch
B0B31SM3,Bamboo charcoal,Mattress,Queen (U.S. Standard),14,Bamboo charcoal Mattress Queen (U.S. Standard) size 14 inch
B0B69SF1,Victoria,Mattress,Twin,12,Victoria Mattress Twin size 12 inch
B0BNL68V,Green Tea,Mattress Toppers,King,3,Green Tea Mattress Toppers King size 3 inch
B0BNKZBJ,Swirl Egg-Shell,Mattress Toppers,Twin-XL,2,Swirl Egg-Shell Mattress Toppers Twin-XL size 2 inch
B0BNKZKG,5-Zone gel,Mattress Toppers,Queen,2,5-Zone gel Mattress Toppers Queen size 2 inch
B0B31V3P,Bamboo charcoal,Mattress,Twin,14,Bamboo charcoal Mattress Twin size 14 inch
B0BRCXQR,Anula,Mattress,Twin,8,Anula Mattress Twin size 8 inch
B0BNL46Y,Bamboo Charcoal,Mattress Toppers,Queen,1.5,Bamboo Charcoal Mattress Toppers Queen size 1.5 inch
B0BNL1MQ,Swirl Egg-Shell,Mattress Toppers,Twin,4,Swirl Egg-Shell Mattress Toppers Twin size 4 inch
B0BNL11Q,Swirl Egg-Shell,Mattress Toppers,Twin-XL,4,Swirl Egg-Shell Mattress Toppers Twin-XL size 4 inch
B0B31SVP,Bamboo charcoal,Mattress,Twin XL,14,Bamboo charcoal Mattress Twin XL size 14 inch
B0BRCXST,Anula,Mattress,King (U.S. Standard),10,Anula Mattress King (U.S. Standard) size 10 inch
B0BNL12N,5-Zone gel,Mattress Toppers,King,2,5-Zone gel Mattress Toppers King size 2 inch
B0BG2T78,Victoria,Mattress,Twin XL,8,Victoria Mattress Twin XL size 8 inch
B09MR5Q6,Bamboo charcoal,Mattress,Twin,10,Bamboo charcoal Mattress Twin size 10 inch
B09MR2FY,Bamboo charcoal,Mattress,Queen (U.S. Standard),10,Bamboo charcoal Mattress Queen (U.S. Standard) size 10 inch
B0BNL5HY,Green Tea,Mattress Toppers,Twin,3,Green Tea Mattress Toppers Twin size 3 inch
B0BNKZFZ,5-Zone gel,Mattress Toppers,Queen,1.5,5-Zone gel Mattress Toppers Queen size 1.5 inch
B09MR6BM,Bamboo charcoal,Mattress,King (U.S. Standard),12,Bamboo charcoal Mattress King (U.S. Standard) size 12 inch
B09KTMKD,Innerspring,Mattress,Twin,8,Innerspring Mattress Twin size 8 inch
B09KDTS4,Elizabeth,Mattress,Full,8,Elizabeth Mattress Full size 8 inch
B0B31T1X,Bamboo charcoal,Mattress,Full,14,Bamboo charcoal Mattress Full size 14 inch
B0BNL4L4,Green Tea,Mattress Toppers,Twin,4,Green Tea Mattress Toppers Twin size 4 inch
B0BNL4VP,Green Tea,Mattress Toppers,King,2,Green Tea Mattress Toppers King size 2 inch
B09X1J3W,Elizabeth,Mattress,King (U.S. Standard),14,Elizabeth Mattress King (U.S. Standard) size 14 inch
B09MR56Q,Bamboo charcoal,Mattress,Twin XL,12,Bamboo charcoal Mattress Twin XL size 12 inch
B0BRCYJ3,Anula,Mattress,Twin XL,10,Anula Mattress Twin XL size 10 inch
B09KF1P3,Elizabeth,Mattress,King (U.S. Standard),12,Elizabeth Mattress King (U.S. Standard) size 12 inch
B09MR36M,Bamboo charcoal,Mattress,Twin XL,10,Bamboo charcoal Mattress Twin XL size 10 inch
B0BRCXJ1,Anula,Mattress,King (U.S. Standard),6,Anula Mattress King (U.S. Standard) size 6 inch
B09MR6BM,Bamboo charcoal,Mattress,King (U.S. Standard),12,Bamboo charcoal Mattress King (U.S. Standard) size 12 inch
B09KTJRH,Innerspring,Mattress,Full,6,Innerspring Mattress Full size 6 inch
B09MR4Z3,Bamboo charcoal,Mattress,Full,12,Bamboo charcoal Mattress Full size 12 inch
B0BNL1CG,Swirl Egg-Shell,Mattress Toppers,Queen,4,Swirl Egg-Shell Mattress Toppers Queen size 4 inch
B0BRCXQM,Anula,Mattress,Twin XL,12,Anula Mattress Twin XL size 12 inch
B0BNL5FV,Bamboo Charcoal,Mattress Toppers,King,2,Bamboo Charcoal Mattress Toppers King size 2 inch
B0B69DK8,Victoria,Mattress,Queen (U.S. Standard),12,Victoria Mattress Queen (U.S. Standard) size 12 inch
B0B31VFJ,Bamboo charcoal,Mattress,Queen (U.S. Standard),6,Bamboo charcoal Mattress Queen (U.S. Standard) size 6 inch
B09X1J3W,Elizabeth,Mattress,King (U.S. Standard),14,Elizabeth Mattress King (U.S. Standard) size 14 inch
B0BRCXQR,Anula,Mattress,Twin,8,Anula Mattress Twin size 8 inch
B0BT5234,Cashmere/Isabella,Mattress,Twin XL,14,Cashmere/Isabella Mattress Twin XL size 14 inch
B09X1J3W,Elizabeth,Mattress,King (U.S. Standard),14,Elizabeth Mattress King (U.S. Standard) size 14 inch
B0BNL2DX,5-Zone gel,Mattress Toppers,Twin-XL,4,5-Zone gel Mattress Toppers Twin-XL size 4 inch
B0BRCXXB,Anula,Mattress,Full,6,Anula Mattress Full size 6 inch
B0B31Y1F,Bamboo charcoal,Mattress,Twin,6,Bamboo charcoal Mattress Twin size 6 inch
B0BRCXP7,Anula,Mattress,Full,8,Anula Mattress Full size 8 inch
B09MR4G7,Bamboo charcoal,Mattress,Twin,12,Bamboo charcoal Mattress Twin size 12 inch
B09MR56Q,Bamboo charcoal,Mattress,Twin XL,12,Bamboo charcoal Mattress Twin XL size 12 inch
B09MR4Z3,Bamboo charcoal,Mattress,Full,10,Bamboo charcoal Mattress Full size 10 inch
B09MR3RS,Bamboo charcoal,Mattress,Twin XL,8,Bamboo charcoal Mattress Twin XL size 8 inch
B0B31V3P,Bamboo charcoal,Mattress,Twin,14,Bamboo charcoal Mattress Twin size 14 inch
B09MR36M,Bamboo charcoal,Mattress,Twin XL,10,Bamboo charcoal Mattress Twin XL size 10 inch
B0BG2Z8C,Victoria,Mattress,Twin,8,Victoria Mattress Twin size 8 inch
B09MR3Y2,Bamboo charcoal,Mattress,Full,8,Bamboo charcoal Mattress Full size 8 inch
B0B69SF1,Victoria,Mattress,Twin,12,Victoria Mattress Twin size 12 inch
B0BRCY8Q,Anula,Mattress,Twin,10,Anula Mattress Twin size 10 inch
B0BSLTV9,Alpha,Bed Frame,King (U.S. Standard),14,Alpha Bed Frame King (U.S. Standard) size 14 inch
B0BRCW79,Anula,Mattress,Queen (U.S. Standard),6,Anula Mattress Queen (U.S. Standard) size 6 inch
B0B69DD2,Victoria,Mattress,Queen (U.S. Standard),10,Victoria Mattress Queen (U.S. Standard) size 10 inch
B0BNKXC5,Swirl Egg-Shell,Mattress Toppers,Twin,1.5,Swirl Egg-Shell Mattress Toppers Twin size 1.5 inch
B09X1GMW,Elizabeth,Mattress,Twin XL,14,Elizabeth Mattress Twin XL size 14 inch
B09MR3XT,Bamboo charcoal,Mattress,Queen (U.S. Standard),8,Bamboo charcoal Mattress Queen (U.S. Standard) size 8 inch
B09MR5Q6,Bamboo charcoal,Mattress,Twin,10,Bamboo charcoal Mattress Twin size 10 inch
B0BRCXST,Anula,Mattress,King (U.S. Standard),10,Anula Mattress King (U.S. Standard) size 10 inch
B09MR4Z3,Bamboo charcoal,Mattress,Full,10,Bamboo charcoal Mattress Full size 10 inch
B09KTMKD,Innerspring,Mattress,Twin,8,Innerspring Mattress Twin size 8 inch
B0BSLWJK,Alpha,Bed Frame,Twin,14,Alpha Bed Frame Twin size 14 inch
B09KDVXT,Elizabeth,Mattress,Full,10,Elizabeth Mattress Full size 10 inch
B09MR56Q,Bamboo charcoal,Mattress,Twin XL,12,Bamboo charcoal Mattress Twin XL size 12 inch
B0BNL4S6,Bamboo Charcoal,Mattress Toppers,Twin-XL,1.5,Bamboo Charcoal Mattress Toppers Twin-XL size 1.5 inch
B0BRCYK4,Anula,Mattress,Full,12,Anula Mattress Full size 12 inch
B0B31Y1F,Bamboo charcoal,Mattress,Twin,6,Bamboo charcoal Mattress Twin size 6 inch
B09KDW1Y,Elizabeth,Mattress,King (U.S. Standard),8,Elizabeth Mattress King (U.S. Standard) size 8 inch
B0BNL3Y4,Bamboo Charcoal,Mattress Toppers,Full,2,Bamboo Charcoal Mattress Toppers Full size 2 inch
B0BRCYV7,Anula,Mattress,Twin XL,8,Anula Mattress Twin XL size 8 inch
B0BNL2Z6,Green Tea,Mattress Toppers,Twin-XL,4,Green Tea Mattress Toppers Twin-XL size 4 inch
B0B69DD2,Victoria,Mattress,Queen (U.S. Standard),10,Victoria Mattress Queen (U.S. Standard) size 10 inch
B0BNL117,Swirl Egg-Shell,Mattress Toppers,Queen,3,Swirl Egg-Shell Mattress Toppers Queen size 3 inch
B09MR4B1,Bamboo charcoal,Mattress,Twin,8,Bamboo charcoal Mattress Twin size 8 inch
B0BRCYJ4,Anula,Mattress,Twin XL,6,Anula Mattress Twin XL size 6 inch
B09X1HV1,Elizabeth,Mattress,Twin XL,6,Elizabeth Mattress Twin XL size 6 inch
B09X1H62,Elizabeth,Mattress,Twin,14,Elizabeth Mattress Twin size 14 inch
B0BG2QXQ,Victoria,Mattress,King (U.S. Standard),8,Victoria Mattress King (U.S. Standard) size 8 inch
B09MR3Y2,Bamboo charcoal,Mattress,Full,8,Bamboo charcoal Mattress Full size 8 inch
B0BRCW2B,Anula,Mattress,Queen (U.S. Standard),12,Anula Mattress Queen (U.S. Standard) size 12 inch
B09MR4B1,Bamboo charcoal,Mattress,Twin,8,Bamboo charcoal Mattress Twin size 8 inch
B0BNL5CJ,Bamboo Charcoal,Mattress Toppers,Queen,2,Bamboo Charcoal Mattress Toppers Queen size 2 inch
B0B69DK8,Victoria,Mattress,Queen (U.S. Standard),12,Victoria Mattress Queen (U.S. Standard) size 12 inch
B0BRCW79,Anula,Mattress,Queen (U.S. Standard),6,Anula Mattress Queen (U.S. Standard) size 6 inch
B0BT5234,Cashmere/Isabella,Mattress,Twin XL,14,Cashmere/Isabella Mattress Twin XL size 14 inch
B0BRCYQN,Anula,Mattress,Twin,6,Anula Mattress Twin size 6 inch
B0B31SVP,Bamboo charcoal,Mattress,Twin XL,14,Bamboo charcoal Mattress Twin XL size 14 inch
B0BNL4S6,Bamboo Charcoal,Mattress Toppers,Twin-XL,1.5,Bamboo Charcoal Mattress Toppers Twin-XL size 1.5 inch
B09KDYY3,Elizabeth,Mattress,Queen (U.S. Standard),10,Elizabeth Mattress Queen (U.S. Standard) size 10 inch
B0B69DD2,Victoria,Mattress,Queen (U.S. Standard),10,Victoria Mattress Queen (U.S. Standard) size 10 inch
B0BRCY68,Anula,Mattress,King (U.S. Standard),12,Anula Mattress King (U.S. Standard) size 12 inch
B09KDPXY,Elizabeth,Mattress,Twin XL,12,Elizabeth Mattress Twin XL size 12 inch
B0BRCXP7,Anula,Mattress,Full,8,Anula Mattress Full size 8 inch
B09MR56Q,Bamboo charcoal,Mattress,Twin XL,12,Bamboo charcoal Mattress Twin XL size 12 inch
B0BNL43X,Bamboo Charcoal,Mattress Toppers,King,1.5,Bamboo Charcoal Mattress Toppers King size 1.5 inch
B0BNKZ5S,5-Zone gel,Mattress Toppers,Full,3,5-Zone gel Mattress Toppers Full size 3 inch
B0BRCXQM,Anula,Mattress,Twin XL,12,Anula Mattress Twin XL size 12 inch
B09MR4D8,Bamboo charcoal,Mattress,King (U.S. Standard),10,Bamboo charcoal Mattress King (U.S. Standard) size 10 inch
B0BNL5N2,Green Tea,Mattress Toppers,Twin-XL,2,Green Tea Mattress Toppers Twin-XL size 2 inch
B09KDYY3,Elizabeth,Mattress,Queen (U.S. Standard),10,Elizabeth Mattress Queen (U.S. Standard) size 10 inch
B0BRCXXB,Anula,Mattress,Full,6,Anula Mattress Full size 6 inch
B0BNL4CB,Green Tea,Mattress Toppers,Twin-XL,1.5,Green Tea Mattress Toppers Twin-XL size 1.5 inch
B0B69C4G,Victoria,Mattress,King (U.S. Standard),12,Victoria Mattress King (U.S. Standard) size 12 inch
B09X1DHR,Elizabeth,Mattress,Queen (U.S. Standard),14,Elizabeth Mattress Queen (U.S. Standard) size 14 inch
B09KTMLQ,Innerspring,Mattress,Full,8,Innerspring Mattress Full size 8 inch
B0BSLVXH,Alpha,Bed Frame,Queen (U.S. Standard),14,Alpha Bed Frame Queen (U.S. Standard) size 14 inch
B0BG2QXQ,Victoria,Mattress,King (U.S. Standard),8,Victoria Mattress King (U.S. Standard) size 8 inch
B0BNL5HY,Green Tea,Mattress Toppers,Twin,3,Green Tea Mattress Toppers Twin size 3 inch
B0B69C4G,Victoria,Mattress,King (U.S. Standard),12,Victoria Mattress King (U.S. Standard) size 12 inch
B09KDZQJ,Elizabeth,Mattress,Twin,8,Elizabeth Mattress Twin size 8 inch
B0B31R1Z,Bamboo charcoal,Mattress,Full,6,Bamboo charcoal Mattress Full size 6 inch
B09MR5Q6,Bamboo charcoal,Mattress,Twin,10,Bamboo charcoal Mattress Twin size 10 inch
B0BG2QXQ,Victoria,Mattress,King (U.S. Standard),8,Victoria Mattress King (U.S. Standard) size 8 inch
B0BRCYK4,Anula,Mattress,Full,12,Anula Mattress Full size 12 inch
B0BNKZCJ,5-Zone gel,Mattress Toppers,Queen,4,5-Zone gel Mattress Toppers Queen size 4 inch
B09MR3XT,Bamboo charcoal,Mattress,Queen (U.S. Standard),8,Bamboo charcoal Mattress Queen (U.S. Standard) size 8 inch
B0BRCXQM,Anula,Mattress,Twin XL,12,Anula Mattress Twin XL size 12 inch
B0BNKYZD,Swirl Egg-Shell,Mattress Toppers,Twin,2,Swirl Egg-Shell Mattress Toppers Twin size 2 inch
B0BRCYV7,Anula,Mattress,Twin XL,8,Anula Mattress Twin XL size 8 inch
B0B31T1X,Bamboo charcoal,Mattress,Full,14,Bamboo charcoal Mattress Full size 14 inch
B0BG2PD3,Victoria,Mattress,Full,8,Victoria Mattress Full size 8 inch
B09KTJRH,Innerspring,Mattress,Full,6,Innerspring Mattress Full size 6 inch
B0BNKZYZ,Swirl Egg-Shell,Mattress Toppers,King,1.5,Swirl Egg-Shell Mattress Toppers King size 1.5 inch
B0BRCX2K,Anula,Mattress,King (U.S. Standard),8,Anula Mattress King (U.S. Standard) size 8 inch
B0B31SM3,Bamboo charcoal,Mattress,Queen (U.S. Standard),14,Bamboo charcoal Mattress Queen (U.S. Standard) size 14 inch
B0BNL5N2,Green Tea,Mattress Toppers,Twin-XL,2,Green Tea Mattress Toppers Twin-XL size 2 inch
B09MR4B1,Bamboo charcoal,Mattress,Twin,8,Bamboo charcoal Mattress Twin size 8 inch
B0BRCX2K,Anula,Mattress,King (U.S. Standard),8,Anula Mattress King (U.S. Standard) size 8 inch
B0BRCXJR,Anula,Mattress,Full,10,Anula Mattress Full size 10 inch
B0BNL5HY,Green Tea,Mattress Toppers,Twin,3,Green Tea Mattress Toppers Twin size 3 inch
B09MR3RS,Bamboo charcoal,Mattress,Twin XL,8,Bamboo charcoal Mattress Twin XL size 8 inch
B0B31V3P,Bamboo charcoal,Mattress,Twin,14,Bamboo charcoal Mattress Twin size 14 inch
B0BNL1RD,Swirl Egg-Shell,Mattress Toppers,Full,3,Swirl Egg-Shell Mattress Toppers Full size 3 inch
B09MR2FY,Bamboo charcoal,Mattress,Queen (U.S. Standard),10,Bamboo charcoal Mattress Queen (U.S. Standard) size 10 inch
B0BT4YQS,Cashmere/Isabella,Mattress,Full,14,Cashmere/Isabella Mattress Full size 14 inch
B09KDW1Y,Elizabeth,Mattress,King (U.S. Standard),8,Elizabeth Mattress King (U.S. Standard) size 8 inch
B0BNL6H1,Bamboo Charcoal,Mattress Toppers,Full,4,Bamboo Charcoal Mattress Toppers Full size 4 inch
B0BNL23M,5-Zone gel,Mattress Toppers,King,1.5,5-Zone gel Mattress Toppers King size 1.5 inch
B0BRCY8Q,Anula,Mattress,Twin,10,Anula Mattress Twin size 10 inch
B0BNL3L7,Green Tea,Mattress Toppers,Full,3,Green Tea Mattress Toppers Full size 3 inch
B0BRCXCX,Anula,Mattress,Queen (U.S. Standard),10,Anula Mattress Queen (U.S. Standard) size 10 inch
B0B69C4G,Victoria,Mattress,King (U.S. Standard),12,Victoria Mattress King (U.S. Standard) size 12 inch
B0BNL53H,Green Tea,Mattress Toppers,Queen,1.5,Green Tea Mattress Toppers Queen size 1.5 inch
B0BNL3ZH,Green Tea,Mattress Toppers,Full,4,Green Tea Mattress Toppers Full size 4 inch
B0BNKZKG,5-Zone gel,Mattress Toppers,Queen,2,5-Zone gel Mattress Toppers Queen size 2 inch
B0BRCXP7,Anula,Mattress,Full,8,Anula Mattress Full size 8 inch
B0BRCXST,Anula,Mattress,King (U.S. Standard),10,Anula Mattress King (U.S. Standard) size 10 inch
B0BNL71D,Bamboo Charcoal,Mattress Toppers,Queen,3,Bamboo Charcoal Mattress Toppers Queen size 3 inch
B0BNKZYZ,Swirl Egg-Shell,Mattress Toppers,King,1.5,Swirl Egg-Shell Mattress Toppers King size 1.5 inch
B09KDPXY,Elizabeth,Mattress,Twin XL,12,Elizabeth Mattress Twin XL size 12 inch
B0BNKZFZ,5-Zone gel,Mattress Toppers,Queen,1.5,5-Zone gel Mattress Toppers Queen size 1.5 inch
B09KDN7P,Elizabeth,Mattress,Queen (U.S. Standard),8,Elizabeth Mattress Queen (U.S. Standard) size 8 inch
B0BNL4Y2,Bamboo Charcoal,Mattress Toppers,Twin-XL,4,Bamboo Charcoal Mattress Toppers Twin-XL size 4 inch
B0BT4YQS,Cashmere/Isabella,Mattress,Full,14,Cashmere/Isabella Mattress Full size 14 inch
B09MR3RS,Bamboo charcoal,Mattress,Twin XL,8,Bamboo charcoal Mattress Twin XL size 8 inch
B09MR36M,Bamboo charcoal,Mattress,Twin XL,10,Bamboo charcoal Mattress Twin XL size 10 inch
B09X1H62,Elizabeth,Mattress,Twin,14,Elizabeth Mattress Twin size 14 inch
B09KTMLQ,Innerspring,Mattress,Full,8,Innerspring Mattress Full size 8 inch
B09MR4B1,Bamboo charcoal,Mattress,Twin,8,Bamboo charcoal Mattress Twin size 8 inch
B0BRCXXB,Anula,Mattress,Full,6,Anula Mattress Full size 6 inch
B0B31R1Z,Bamboo charcoal,Mattress,Full,6,Bamboo charcoal Mattress Full size 6 inch
B0BNL5LT,Green Tea,Mattress Toppers,Queen,2,Green Tea Mattress Toppers Queen size 2 inch
B09MR3XT,Bamboo charcoal,Mattress,Queen (U.S. Standard),8,Bamboo charcoal Mattress Queen (U.S. Standard) size 8 inch
B09KDTS4,Elizabeth,Mattress,Full,8,Elizabeth Mattress Full size 8 inch
B0BNL2VK,5-Zone gel,Mattress Toppers,Full,2,5-Zone gel Mattress Toppers Full size 2 inch
B0BNL4R8,Bamboo Charcoal,Mattress Toppers,Twin-XL,3,Bamboo Charcoal Mattress Toppers Twin-XL size 3 inch
B09MR2FY,Bamboo charcoal,Mattress,Queen (U.S. Standard),10,Bamboo charcoal Mattress Queen (U.S. Standard) size 10 inch
B0BRCYJ3,Anula,Mattress,Twin XL,10,Anula Mattress Twin XL size 10 inch
B09KTFXX,Innerspring,Mattress,Queen (U.S. Standard),6,Innerspring Mattress Queen (U.S. Standard) size 6 inch
B0BRCXJR,Anula,Mattress,Full,10,Anula Mattress Full size 10 inch
B09KDYY3,Elizabeth,Mattress,Queen (U.S. Standard),10,Elizabeth Mattress Queen (U.S. Standard) size 10 inch
B09MR2FY,Bamboo charcoal,Mattress,Queen (U.S. Standard),10,Bamboo charcoal Mattress Queen (U.S. Standard) size 10 inch
B09KTJRH,Innerspring,Mattress,Full,6,Innerspring Mattress Full size 6 inch
B09KDQ2B,Elizabeth,Mattress,Full,12,Elizabeth Mattress Full size 12 inch
B09MR5Q6,Bamboo charcoal,Mattress,Twin,10,Bamboo charcoal Mattress Twin size 10 inch
B0BNL4S7,Bamboo Charcoal,Mattress Toppers,Twin-XL,2,Bamboo Charcoal Mattress Toppers Twin-XL size 2 inch
B09MR3RS,Bamboo charcoal,Mattress,Twin XL,8,Bamboo charcoal Mattress Twin XL size 8 inch
B09KTFXX,Innerspring,Mattress,Queen (U.S. Standard),6,Innerspring Mattress Queen (U.S. Standard) size 6 inch
B09MR3Y2,Bamboo charcoal,Mattress,Full,8,Bamboo charcoal Mattress Full size 8 inch
B0BNKZYZ,Swirl Egg-Shell,Mattress Toppers,King,1.5,Swirl Egg-Shell Mattress Toppers King size 1.5 inch
B0B31SVP,Bamboo charcoal,Mattress,Twin XL,14,Bamboo charcoal Mattress Twin XL size 14 inch
B09KDVXT,Elizabeth,Mattress,Full,10,Elizabeth Mattress Full size 10 inch
B0BRCW2B,Anula,Mattress,Queen (U.S. Standard),12,Anula Mattress Queen (U.S. Standard) size 12 inch
B0BNKZ5S,5-Zone gel,Mattress Toppers,Full,3,5-Zone gel Mattress Toppers Full size 3 inch
B0B31R1Z,Bamboo charcoal,Mattress,Full,6,Bamboo charcoal Mattress Full size 6 inch
B09MR3XT,Bamboo charcoal,Mattress,Queen (U.S. Standard),8,Bamboo charcoal Mattress Queen (U.S. Standard) size 8 inch
B0BT51RJ,Cashmere/Isabella,Mattress,Twin,14,Cashmere/Isabella Mattress Twin size 14 inch
B0BRCYJ4,Anula,Mattress,Twin XL,6,Anula Mattress Twin XL size 6 inch
B09KTFXX,Innerspring,Mattress,Queen (U.S. Standard),6,Innerspring Mattress Queen (U.S. Standard) size 6 inch
B09KTJRH,Innerspring,Mattress,Full,6,Innerspring Mattress Full size 6 inch
B09X1HV1,Elizabeth,Mattress,Twin XL,6,Elizabeth Mattress Twin XL size 6 inch
B0BNL3J3,Green Tea,Mattress Toppers,Twin,2,Green Tea Mattress Toppers Twin size 2 inch
B0BRCXP7,Anula,Mattress,Full,8,Anula Mattress Full size 8 inch
B0BRCW2B,Anula,Mattress,Queen (U.S. Standard),12,Anula Mattress Queen (U.S. Standard) size 12 inch
B0BNL3NZ,Bamboo Charcoal,Mattress Toppers,Queen,4,Bamboo Charcoal Mattress Toppers Queen size 4 inch
B0BNKYW3,Swirl Egg-Shell,Mattress Toppers,Full,2,Swirl Egg-Shell Mattress Toppers Full size 2 inch
B09MR4G7,Bamboo charcoal,Mattress,Twin,12,Bamboo charcoal Mattress Twin size 12 inch
B09X1F8C,Elizabeth,Mattress,Full,6,Elizabeth Mattress Full size 6 inch
B0BNLS6Y,Bamboo Charcoal,Mattress Toppers,Twin,3,Bamboo Charcoal Mattress Toppers Twin size 3 inch
B0B31VFJ,Bamboo charcoal,Mattress,Queen (U.S. Standard),6,Bamboo charcoal Mattress Queen (U.S. Standard) size 6 inch
B09X1F8C,Elizabeth,Mattress,Full,6,Elizabeth Mattress Full size 6 inch
B09MR4B1,Bamboo charcoal,Mattress,Twin,8,Bamboo charcoal Mattress Twin size 8 inch
B0BRCY68,Anula,Mattress,King (U.S. Standard),12,Anula Mattress King (U.S. Standard) size 12 inch
B0BNL4R8,Bamboo Charcoal,Mattress Toppers,Twin-XL,3,Bamboo Charcoal Mattress Toppers Twin-XL size 3 inch
B09MR3XT,Bamboo charcoal,Mattress,Queen (U.S. Standard),8,Bamboo charcoal Mattress Queen (U.S. Standard) size 8 inch
B0BRCYK4,Anula,Mattress,Full,12,Anula Mattress Full size 12 inch
B09MR4Z3,Bamboo charcoal,Mattress,Full,12,Bamboo charcoal Mattress Full size 12 inch
B0B31R1Z,Bamboo charcoal,Mattress,Full,6,Bamboo charcoal Mattress Full size 6 inch
B09KDVXT,Elizabeth,Mattress,Full,10,Elizabeth Mattress Full size 10 inch
B0BNL5LT,Green Tea,Mattress Toppers,Queen,2,Green Tea Mattress Toppers Queen size 2 inch
B09MR6BM,Bamboo charcoal,Mattress,King (U.S. Standard),12,Bamboo charcoal Mattress King (U.S. Standard) size 12 inch
B0BRCYV7,Anula,Mattress,Twin XL,8,Anula Mattress Twin XL size 8 inch
B0B31SM3,Bamboo charcoal,Mattress,Queen (U.S. Standard),14,Bamboo charcoal Mattress Queen (U.S. Standard) size 14 inch
B09MR36M,Bamboo charcoal,Mattress,Twin XL,10,Bamboo charcoal Mattress Twin XL size 10 inch
B09X1H62,Elizabeth,Mattress,Twin,14,Elizabeth Mattress Twin size 14 inch
B0BRCYQN,Anula,Mattress,Twin,6,Anula Mattress Twin size 6 inch
B09KDRMR,Elizabeth,Mattress,King (U.S. Standard),10,Elizabeth Mattress King (U.S. Standard) size 10 inch
B0BNL1RD,Swirl Egg-Shell,Mattress Toppers,Full,3,Swirl Egg-Shell Mattress Toppers Full size 3 inch
B0B69DK8,Victoria,Mattress,Queen (U.S. Standard),12,Victoria Mattress Queen (U.S. Standard) size 12 inch
B09MR4G7,Bamboo charcoal,Mattress,Twin,12,Bamboo charcoal Mattress Twin size 12 inch
B09KDZQJ,Elizabeth,Mattress,Twin,8,Elizabeth Mattress Twin size 8 inch
B0BG2Z8C,Victoria,Mattress,Twin,8,Victoria Mattress Twin size 8 inch
B09MR4B1,Bamboo charcoal,Mattress,Twin,8,Bamboo charcoal Mattress Twin size 8 inch
B0BNL43X,Bamboo Charcoal,Mattress Toppers,King,1.5,Bamboo Charcoal Mattress Toppers King size 1.5 inch
B09KDYY3,Elizabeth,Mattress,Queen (U.S. Standard),10,Elizabeth Mattress Queen (U.S. Standard) size 10 inch
B09MR3Y2,Bamboo charcoal,Mattress,Full,8,Bamboo charcoal Mattress Full size 8 inch
B0BNL4NX,Green Tea,Mattress Toppers,Twin,1.5,Green Tea Mattress Toppers Twin size 1.5 inch
B09KDPXY,Elizabeth,Mattress,Twin XL,12,Elizabeth Mattress Twin XL size 12 inch
B0B69SF1,Victoria,Mattress,Twin,12,Victoria Mattress Twin size 12 inch
B09MR56Q,Bamboo charcoal,Mattress,Twin XL,12,Bamboo charcoal Mattress Twin XL size 12 inch
B09KTFXX,Innerspring,Mattress,Queen (U.S. Standard),6,Innerspring Mattress Queen (U.S. Standard) size 6 inch
B09MR4G7,Bamboo charcoal,Mattress,Twin,12,Bamboo charcoal Mattress Twin size 12 inch
B0B69DD2,Victoria,Mattress,Queen (U.S. Standard),10,Victoria Mattress Queen (U.S. Standard) size 10 inch
B09MR4D8,Bamboo charcoal,Mattress,King (U.S. Standard),10,Bamboo charcoal Mattress King (U.S. Standard) size 10 inch
B0BG2T78,Victoria,Mattress,Twin XL,8,Victoria Mattress Twin XL size 8 inch
B0BRCXXB,Anula,Mattress,Full,6,Anula Mattress Full size 6 inch
B09X1H62,Elizabeth,Mattress,Twin,14,Elizabeth Mattress Twin size 14 inch
B0BNL2Z6,Green Tea,Mattress Toppers,Twin-XL,4,Green Tea Mattress Toppers Twin-XL size 4 inch
B0BRCYV7,Anula,Mattress,Twin XL,8,Anula Mattress Twin XL size 8 inch
B0B69GN5,Victoria,Mattress,Twin XL,12,Victoria Mattress Twin XL size 12 inch
B0BRCW79,Anula,Mattress,Queen (U.S. Standard),6,Anula Mattress Queen (U.S. Standard) size 6 inch
B0BNL4S7,Bamboo Charcoal,Mattress Toppers,Twin-XL,2,Bamboo Charcoal Mattress Toppers Twin-XL size 2 inch
B0BG2PD3,Victoria,Mattress,Full,8,Victoria Mattress Full size 8 inch
B0BNL4L4,Green Tea,Mattress Toppers,Twin,4,Green Tea Mattress Toppers Twin size 4 inch
B0B69SF1,Victoria,Mattress,Twin,12,Victoria Mattress Twin size 12 inch
B09MR4Z3,Bamboo charcoal,Mattress,Full,12,Bamboo charcoal Mattress Full size 12 inch
B0B31VFJ,Bamboo charcoal,Mattress,Queen (U.S. Standard),6,Bamboo charcoal Mattress Queen (U.S. Standard) size 6 inch
B0BG2PD3,Victoria,Mattress,Full,8,Victoria Mattress Full size 8 inch
B09X1J3W,Elizabeth,Mattress,King (U.S. Standard),14,Elizabeth Mattress King (U.S. Standard) size 14 inch
B09KTFXX,Innerspring,Mattress,Queen (U.S. Standard),6,Innerspring Mattress Queen (U.S. Standard) size 6 inch
B09MR5Q6,Bamboo charcoal,Mattress,Twin,10,Bamboo charcoal Mattress Twin size 10 inch
B09X1H62,Elizabeth,Mattress,Twin,14,Elizabeth Mattress Twin size 14 inch
B0BNL43X,Bamboo Charcoal,Mattress Toppers,King,1.5,Bamboo Charcoal Mattress Toppers King size 1.5 inch
B0BT51ZH,Cashmere/Isabella,Mattress,Queen (U.S. Standard),14,Cashmere/Isabella Mattress Queen (U.S. Standard) size 14 inch
B09MR4G7,Bamboo charcoal,Mattress,Twin,12,Bamboo charcoal Mattress Twin size 12 inch
B0BG2QXQ,Victoria,Mattress,King (U.S. Standard),8,Victoria Mattress King (U.S. Standard) size 8 inch
B0BSLVXH,Alpha,Bed Frame,Queen (U.S. Standard),14,Alpha Bed Frame Queen (U.S. Standard) size 14 inch
B0BNL5LC,Bamboo Charcoal,Mattress Toppers,Full,3,Bamboo Charcoal Mattress Toppers Full size 3 inch
B09KDPXY,Elizabeth,Mattress,Twin XL,12,Elizabeth Mattress Twin XL size 12 inch
B0BRCW79,Anula,Mattress,Queen (U.S. Standard),6,Anula Mattress Queen (U.S. Standard) size 6 inch
B0BRCW79,Anula,Mattress,Queen (U.S. Standard),6,Anula Mattress Queen (U.S. Standard) size 6 inch
B0BNL424,Green Tea,Mattress Toppers,Queen,4,Green Tea Mattress Toppers Queen size 4 inch
B0BNL2DX,5-Zone gel,Mattress Toppers,Twin-XL,4,5-Zone gel Mattress Toppers Twin-XL size 4 inch
B0BRCY8Q,Anula,Mattress,Twin,10,Anula Mattress Twin size 10 inch
B0BG2T78,Victoria,Mattress,Twin XL,8,Victoria Mattress Twin XL size 8 inch
B0B69SF1,Victoria,Mattress,Twin,12,Victoria Mattress Twin size 12 inch
B09KDW1Y,Elizabeth,Mattress,King (U.S. Standard),8,Elizabeth Mattress King (U.S. Standard) size 8 inch
B0BG2PD3,Victoria,Mattress,Full,8,Victoria Mattress Full size 8 inch
B0BRCX2K,Anula,Mattress,King (U.S. Standard),8,Anula Mattress King (U.S. Standard) size 8 inch
B0BRCYJ4,Anula,Mattress,Twin XL,6,Anula Mattress Twin XL size 6 inch
B0BNL424,Green Tea,Mattress Toppers,Queen,4,Green Tea Mattress Toppers Queen size 4 inch
B09MR5Q6,Bamboo charcoal,Mattress,Twin,10,Bamboo charcoal Mattress Twin size 10 inch
B0BRCXP7,Anula,Mattress,Full,8,Anula Mattress Full size 8 inch
B0B69C4G,Victoria,Mattress,King (U.S. Standard),12,Victoria Mattress King (U.S. Standard) size 12 inch
B09MR3RS,Bamboo charcoal,Mattress,Twin XL,8,Bamboo charcoal Mattress Twin XL size 8 inch
B0BRCXXB,Anula,Mattress,Full,6,Anula Mattress Full size 6 inch
B0BG2T78,Victoria,Mattress,Twin XL,8,Victoria Mattress Twin XL size 8 inch
B0BNL49H,Green Tea,Mattress Toppers,Queen,3,Green Tea Mattress Toppers Queen size 3 inch
B09KTMKD,Innerspring,Mattress,Twin,8,Innerspring Mattress Twin size 8 inch
B0BNL3RD,Green Tea,Mattress Toppers,Twin-XL,3,Green Tea Mattress Toppers Twin-XL size 3 inch
B0BNL117,Swirl Egg-Shell,Mattress Toppers,Queen,3,Swirl Egg-Shell Mattress Toppers Queen size 3 inch
B0BNL3L7,Green Tea,Mattress Toppers,Full,3,Green Tea Mattress Toppers Full size 3 inch
B0BNKYW3,Swirl Egg-Shell,Mattress Toppers,Full,2,Swirl Egg-Shell Mattress Toppers Full size 2 inch
B0BT51ZH,Cashmere/Isabella,Mattress,Queen (U.S. Standard),14,Cashmere/Isabella Mattress Queen (U.S. Standard) size 14 inch
B09KTJRH,Innerspring,Mattress,Full,6,Innerspring Mattress Full size 6 inch
B09MR4B1,Bamboo charcoal,Mattress,Twin,8,Bamboo charcoal Mattress Twin size 8 inch
B0BNL49H,Green Tea,Mattress Toppers,Queen,3,Green Tea Mattress Toppers Queen size 3 inch
B0BRCXQM,Anula,Mattress,Twin XL,12,Anula Mattress Twin XL size 12 inch
B0BRCXCX,Anula,Mattress,Queen (U.S. Standard),10,Anula Mattress Queen (U.S. Standard) size 10 inch
B09MR56Q,Bamboo charcoal,Mattress,Twin XL,12,Bamboo charcoal Mattress Twin XL size 12 inch
B0BSLVXH,Alpha,Bed Frame,Queen (U.S. Standard),14,Alpha Bed Frame Queen (U.S. Standard) size 14 inch
B0BNL5LC,Bamboo Charcoal,Mattress Toppers,Full,3,Bamboo Charcoal Mattress Toppers Full size 3 inch
B0B69C4G,Victoria,Mattress,King (U.S. Standard),12,Victoria Mattress King (U.S. Standard) size 12 inch
B0BNL68V,Green Tea,Mattress Toppers,King,3,Green Tea Mattress Toppers King size 3 inch
B0B69DK8,Victoria,Mattress,Queen (U.S. Standard),12,Victoria Mattress Queen (U.S. Standard) size 12 inch
B0BNL1MQ,Swirl Egg-Shell,Mattress Toppers,Twin,4,Swirl Egg-Shell Mattress Toppers Twin size 4 inch
B0BRCW2B,Anula,Mattress,Queen (U.S. Standard),12,Anula Mattress Queen (U.S. Standard) size 12 inch
B0BNKZ88,Swirl Egg-Shell,Mattress Toppers,Twin,3,Swirl Egg-Shell Mattress Toppers Twin size 3 inch
B0BRCXQR,Anula,Mattress,Twin,8,Anula Mattress Twin size 8 inch
B0BNL2DX,5-Zone gel,Mattress Toppers,Twin-XL,4,5-Zone gel Mattress Toppers Twin-XL size 4 inch
B0B69GN5,Victoria,Mattress,Twin XL,12,Victoria Mattress Twin XL size 12 inch
B0BNL1J5,5-Zone gel,Mattress Toppers,Full,1.5,5-Zone gel Mattress Toppers Full size 1.5 inch
B09KDQ2B,Elizabeth,Mattress,Full,12,Elizabeth Mattress Full size 12 inch
B0B31VFJ,Bamboo charcoal,Mattress,Queen (U.S. Standard),6,Bamboo charcoal Mattress Queen (U.S. Standard) size 6 inch
B09KDPXY,Elizabeth,Mattress,Twin XL,12,Elizabeth Mattress Twin XL size 12 inch
B09MR36M,Bamboo charcoal,Mattress,Twin XL,10,Bamboo charcoal Mattress Twin XL size 10 inch
B09MR36M,Bamboo charcoal,Mattress,Twin XL,10,Bamboo charcoal Mattress Twin XL size 10 inch
B0BRCXXB,Anula,Mattress,Full,6,Anula Mattress Full size 6 inch
B09MR5Q6,Bamboo charcoal,Mattress,Twin,10,Bamboo charcoal Mattress Twin size 10 inch
B0BNLBQN,Bamboo Charcoal,Mattress Toppers,King,3,Bamboo Charcoal Mattress Toppers King size 3 inch
B0BNLS6Y,Bamboo Charcoal,Mattress Toppers,Twin,3,Bamboo Charcoal Mattress Toppers Twin size 3 inch
B0BT51RJ,Cashmere/Isabella,Mattress,Twin,14,Cashmere/Isabella Mattress Twin size 14 inch
B0BNKZKG,5-Zone gel,Mattress Toppers,Queen,2,5-Zone gel Mattress Toppers Queen size 2 inch
B09MR3XT,Bamboo charcoal,Mattress,Queen (U.S. Standard),8,Bamboo charcoal Mattress Queen (U.S. Standard) size 8 inch
B09KDQ2B,Elizabeth,Mattress,Full,12,Elizabeth Mattress Full size 12 inch
B0BG2QXQ,Victoria,Mattress,King (U.S. Standard),8,Victoria Mattress King (U.S. Standard) size 8 inch
B09X1F8C,Elizabeth,Mattress,Full,6,Elizabeth Mattress Full size 6 inch
B09X1F8C,Elizabeth,Mattress,Full,6,Elizabeth Mattress Full size 6 inch
B0BNKZCJ,5-Zone gel,Mattress Toppers,Queen,4,5-Zone gel Mattress Toppers Queen size 4 inch
B0BRCYQN,Anula,Mattress,Twin,6,Anula Mattress Twin size 6 inch
B0BT5234,Cashmere/Isabella,Mattress,Twin XL,14,Cashmere/Isabella Mattress Twin XL size 14 inch
B0BNL4R8,Bamboo Charcoal,Mattress Toppers,Twin-XL,3,Bamboo Charcoal Mattress Toppers Twin-XL size 3 inch
B09KDZQJ,Elizabeth,Mattress,Twin,8,Elizabeth Mattress Twin size 8 inch
B09KF1P3,Elizabeth,Mattress,King (U.S. Standard),12,Elizabeth Mattress King (U.S. Standard) size 12 inch
B0BNKYW3,Swirl Egg-Shell,Mattress Toppers,Full,2,Swirl Egg-Shell Mattress Toppers Full size 2 inch
B0BRCY8Q,Anula,Mattress,Twin,10,Anula Mattress Twin size 10 inch
B0BT51RJ,Cashmere/Isabella,Mattress,Twin,14,Cashmere/Isabella Mattress Twin size 14 inch
B09MR5Q6,Bamboo charcoal,Mattress,Twin,10,Bamboo charcoal Mattress Twin size 10 inch
B0BNLBQN,Bamboo Charcoal,Mattress Toppers,King,3,Bamboo Charcoal Mattress Toppers King size 3 inch
B0BG2Z8C,Victoria,Mattress,Twin,8,Victoria Mattress Twin size 8 inch
B09X1HV1,Elizabeth,Mattress,Twin XL,6,Elizabeth Mattress Twin XL size 6 inch
B0BNL4HP,Green Tea,Mattress Toppers,Full,1.5,Green Tea Mattress Toppers Full size 1.5 inch
B09MR56Q,Bamboo charcoal,Mattress,Twin XL,12,Bamboo charcoal Mattress Twin XL size 12 inch
B0BRCY8Q,Anula,Mattress,Twin,10,Anula Mattress Twin size 10 inch
B0BRCXQR,Anula,Mattress,Twin,8,Anula Mattress Twin size 8 inch
B0B31SVP,Bamboo charcoal,Mattress,Twin XL,14,Bamboo charcoal Mattress Twin XL size 14 inch
B0B69C4G,Victoria,Mattress,King (U.S. Standard),12,Victoria Mattress King (U.S. Standard) size 12 inch
B0BNL12N,5-Zone gel,Mattress Toppers,King,2,5-Zone gel Mattress Toppers King size 2 inch
B0B69GN5,Victoria,Mattress,Twin XL,12,Victoria Mattress Twin XL size 12 inch
B09KDTS4,Elizabeth,Mattress,Full,8,Elizabeth Mattress Full size 8 inch
B0BNKZ88,Swirl Egg-Shell,Mattress Toppers,Twin,3,Swirl Egg-Shell Mattress Toppers Twin size 3 inch
B0BG2T78,Victoria,Mattress,Twin XL,8,Victoria Mattress Twin XL size 8 inch
B09MR4D8,Bamboo charcoal,Mattress,King (U.S. Standard),10,Bamboo charcoal Mattress King (U.S. Standard) size 10 inch
B09KDW1Y,Elizabeth,Mattress,King (U.S. Standard),8,Elizabeth Mattress King (U.S. Standard) size 8 inch
B0B31SVP,Bamboo charcoal,Mattress,Twin XL,14,Bamboo charcoal Mattress Twin XL size 14 inch
B0BNL5N2,Green Tea,Mattress Toppers,Twin-XL,2,Green Tea Mattress Toppers Twin-XL size 2 inch
B0BG2T78,Victoria,Mattress,Twin XL,8,Victoria Mattress Twin XL size 8 inch
B0BRCY8Q,Anula,Mattress,Twin,10,Anula Mattress Twin size 10 inch
B0BRCXJR,Anula,Mattress,Full,10,Anula Mattress Full size 10 inch
B09KDVXT,Elizabeth,Mattress,Full,10,Elizabeth Mattress Full size 10 inch
B0BNL4NX,Green Tea,Mattress Toppers,Twin,1.5,Green Tea Mattress Toppers Twin size 1.5 inch
B09MR3Y2,Bamboo charcoal,Mattress,Full,8,Bamboo charcoal Mattress Full size 8 inch
B09X1GMW,Elizabeth,Mattress,Twin XL,14,Elizabeth Mattress Twin XL size 14 inch
B0BNKZFZ,5-Zone gel,Mattress Toppers,Queen,1.5,5-Zone gel Mattress Toppers Queen size 1.5 inch
B09X1GMW,Elizabeth,Mattress,Twin XL,14,Elizabeth Mattress Twin XL size 14 inch
B09KDZQJ,Elizabeth,Mattress,Twin,8,Elizabeth Mattress Twin size 8 inch
B0BG2Z8C,Victoria,Mattress,Twin,8,Victoria Mattress Twin size 8 inch
B0BRCXJR,Anula,Mattress,Full,10,Anula Mattress Full size 10 inch
B09KTMKD,Innerspring,Mattress,Twin,8,Innerspring Mattress Twin size 8 inch
B0B69GN5,Victoria,Mattress,Twin XL,12,Victoria Mattress Twin XL size 12 inch
B09KDPXY,Elizabeth,Mattress,Twin XL,12,Elizabeth Mattress Twin XL size 12 inch
B09KDN7P,Elizabeth,Mattress,Queen (U.S. Standard),8,Elizabeth Mattress Queen (U.S. Standard) size 8 inch
B0B31SVP,Bamboo charcoal,Mattress,Twin XL,14,Bamboo charcoal Mattress Twin XL size 14 inch
B09MR5Q6,Bamboo charcoal,Mattress,Twin,10,Bamboo charcoal Mattress Twin size 10 inch
B0BRCXJR,Anula,Mattress,Full,10,Anula Mattress Full size 10 inch
B0B69DK8,Victoria,Mattress,Queen (U.S. Standard),12,Victoria Mattress Queen (U.S. Standard) size 12 inch
B09KDVXT,Elizabeth,Mattress,Full,10,Elizabeth Mattress Full size 10 inch
B09MR4Z3,Bamboo charcoal,Mattress,Full,10,Bamboo charcoal Mattress Full size 10 inch
B0BRCYJ3,Anula,Mattress,Twin XL,10,Anula Mattress Twin XL size 10 inch
B0BSLWJK,Alpha,Bed Frame,Twin,14,Alpha Bed Frame Twin size 14 inch
B0BNL7TJ,Swirl Egg-Shell,Mattress Toppers,Full,4,Swirl Egg-Shell Mattress Toppers Full size 4 inch
B0B31V3P,Bamboo charcoal,Mattress,Twin,14,Bamboo charcoal Mattress Twin size 14 inch
B0B31Y1F,Bamboo charcoal,Mattress,Twin,6,Bamboo charcoal Mattress Twin size 6 inch
B0BNL5BK,Bamboo Charcoal,Mattress Toppers,Twin,2,Bamboo Charcoal Mattress Toppers Twin size 2 inch
B0BT5234,Cashmere/Isabella,Mattress,Twin XL,14,Cashmere/Isabella Mattress Twin XL size 14 inch
B0BSLTZV,Alpha,Bed Frame,Full,14,Alpha Bed Frame Full size 14 inch
B09X1DHR,Elizabeth,Mattress,Queen (U.S. Standard),14,Elizabeth Mattress Queen (U.S. Standard) size 14 inch
B0BRCXP7,Anula,Mattress,Full,8,Anula Mattress Full size 8 inch
B0B31SVP,Bamboo charcoal,Mattress,Twin XL,14,Bamboo charcoal Mattress Twin XL size 14 inch
B0B69GN5,Victoria,Mattress,Twin XL,12,Victoria Mattress Twin XL size 12 inch
B0BNKZBJ,Swirl Egg-Shell,Mattress Toppers,Twin-XL,2,Swirl Egg-Shell Mattress Toppers Twin-XL size 2 inch
B0B69SF1,Victoria,Mattress,Twin,12,Victoria Mattress Twin size 12 inch
B0BNL23M,5-Zone gel,Mattress Toppers,King,1.5,5-Zone gel Mattress Toppers King size 1.5 inch
B09MR4B1,Bamboo charcoal,Mattress,Twin,8,Bamboo charcoal Mattress Twin size 8 inch
B0BRCYJ4,Anula,Mattress,Twin XL,6,Anula Mattress Twin XL size 6 inch
B09X1DHR,Elizabeth,Mattress,Queen (U.S. Standard),14,Elizabeth Mattress Queen (U.S. Standard) size 14 inch
B09KTMLQ,Innerspring,Mattress,Full,8,Innerspring Mattress Full size 8 inch
B09MR3RS,Bamboo charcoal,Mattress,Twin XL,8,Bamboo charcoal Mattress Twin XL size 8 inch
B09MR3Y2,Bamboo charcoal,Mattress,Full,8,Bamboo charcoal Mattress Full size 8 inch
B09MR4Z3,Bamboo charcoal,Mattress,Full,10,Bamboo charcoal Mattress Full size 10 inch
B0BRCXJ1,Anula,Mattress,King (U.S. Standard),6,Anula Mattress King (U.S. Standard) size 6 inch
B0BNL3ZH,Green Tea,Mattress Toppers,Full,4,Green Tea Mattress Toppers Full size 4 inch
B0BNKZ5S,5-Zone gel,Mattress Toppers,Full,3,5-Zone gel Mattress Toppers Full size 3 inch
B0BRCYJ4,Anula,Mattress,Twin XL,6,Anula Mattress Twin XL size 6 inch
B0BNL4HP,Green Tea,Mattress Toppers,Full,1.5,Green Tea Mattress Toppers Full size 1.5 inch
B09MR4Z3,Bamboo charcoal,Mattress,Full,10,Bamboo charcoal Mattress Full size 10 inch
B09X1HV1,Elizabeth,Mattress,Twin XL,6,Elizabeth Mattress Twin XL size 6 inch
B0BRCYJ4,Anula,Mattress,Twin XL,6,Anula Mattress Twin XL size 6 inch
B0B69GN5,Victoria,Mattress,Twin XL,12,Victoria Mattress Twin XL size 12 inch
B0BNL11Q,Swirl Egg-Shell,Mattress Toppers,Twin-XL,4,Swirl Egg-Shell Mattress Toppers Twin-XL size 4 inch
B09KDRMR,Elizabeth,Mattress,King (U.S. Standard),10,Elizabeth Mattress King (U.S. Standard) size 10 inch
B09KDN7P,Elizabeth,Mattress,Queen (U.S. Standard),8,Elizabeth Mattress Queen (U.S. Standard) size 8 inch
B0BSLTZV,Alpha,Bed Frame,Full,14,Alpha Bed Frame Full size 14 inch
B0BRCYV7,Anula,Mattress,Twin XL,8,Anula Mattress Twin XL size 8 inch
B0B31R1Z,Bamboo charcoal,Mattress,Full,6,Bamboo charcoal Mattress Full size 6 inch
B0BRCY68,Anula,Mattress,King (U.S. Standard),12,Anula Mattress King (U.S. Standard) size 12 inch
B09KDZQJ,Elizabeth,Mattress,Twin,8,Elizabeth Mattress Twin size 8 inch
B09MR56Q,Bamboo charcoal,Mattress,Twin XL,12,Bamboo charcoal Mattress Twin XL size 12 inch
B0BNL5FV,Bamboo Charcoal,Mattress Toppers,King,2,Bamboo Charcoal Mattress Toppers King size 2 inch
B0BNL4Y2,Bamboo Charcoal,Mattress Toppers,Twin-XL,4,Bamboo Charcoal Mattress Toppers Twin-XL size 4 inch
B0B31Y1F,Bamboo charcoal,Mattress,Twin,6,Bamboo charcoal Mattress Twin size 6 inch
B0BNL1MQ,Swirl Egg-Shell,Mattress Toppers,Twin,4,Swirl Egg-Shell Mattress Toppers Twin size 4 inch
B09X1DHR,Elizabeth,Mattress,Queen (U.S. Standard),14,Elizabeth Mattress Queen (U.S. Standard) size 14 inch
B0B31T1X,Bamboo charcoal,Mattress,Full,14,Bamboo charcoal Mattress Full size 14 inch
B0B31T1X,Bamboo charcoal,Mattress,Full,14,Bamboo charcoal Mattress Full size 14 inch
B0B31R1Z,Bamboo charcoal,Mattress,Full,6,Bamboo charcoal Mattress Full size 6 inch
B0BRCY68,Anula,Mattress,King (U.S. Standard),12,Anula Mattress King (U.S. Standard) size 12 inch
B09KTMKD,Innerspring,Mattress,Twin,8,Innerspring Mattress Twin size 8 inch
B09MR3XT,Bamboo charcoal,Mattress,Queen (U.S. Standard),8,Bamboo charcoal Mattress Queen (U.S. Standard) size 8 inch
B0BSLWJK,Alpha,Bed Frame,Twin,14,Alpha Bed Frame Twin size 14 inch
B0BSLTV9,Alpha,Bed Frame,King (U.S. Standard),14,Alpha Bed Frame King (U.S. Standard) size 14 inch
B0BNL4NX,Green Tea,Mattress Toppers,Twin,1.5,Green Tea Mattress Toppers Twin size 1.5 inch
B09MR4Z3,Bamboo charcoal,Mattress,Full,10,Bamboo charcoal Mattress Full size 10 inch
B0BRCYQN,Anula,Mattress,Twin,6,Anula Mattress Twin size 6 inch
B09MR4B1,Bamboo charcoal,Mattress,Twin,8,Bamboo charcoal Mattress Twin size 8 inch
B09KDRMR,Elizabeth,Mattress,King (U.S. Standard),10,Elizabeth Mattress King (U.S. Standard) size 10 inch
B09MR3RS,Bamboo charcoal,Mattress,Twin XL,8,Bamboo charcoal Mattress Twin XL size 8 inch
B0BNL4S6,Bamboo Charcoal,Mattress Toppers,Twin-XL,1.5,Bamboo Charcoal Mattress Toppers Twin-XL size 1.5 inch
B0B31Y1F,Bamboo charcoal,Mattress,Twin,6,Bamboo charcoal Mattress Twin size 6 inch
B0B31R1Z,Bamboo charcoal,Mattress,Full,6,Bamboo charcoal Mattress Full size 6 inch
B0BRCYJ3,Anula,Mattress,Twin XL,10,Anula Mattress Twin XL size 10 inch
B0BNL4VP,Green Tea,Mattress Toppers,King,2,Green Tea Mattress Toppers King size 2 inch
B0B31T1X,Bamboo charcoal,Mattress,Full,14,Bamboo charcoal Mattress Full size 14 inch
B0BRCYQN,Anula,Mattress,Twin,6,Anula Mattress Twin size 6 inch
B0BNL4Y2,Bamboo Charcoal,Mattress Toppers,Twin-XL,4,Bamboo Charcoal Mattress Toppers Twin-XL size 4 inch
B0B69C4G,Victoria,Mattress,King (U.S. Standard),12,Victoria Mattress King (U.S. Standard) size 12 inch
B0B31Y1F,Bamboo charcoal,Mattress,Twin,6,Bamboo charcoal Mattress Twin size 6 inch
B0B31V3P,Bamboo charcoal,Mattress,Twin,14,Bamboo charcoal Mattress Twin size 14 inch
B0BNL2Z6,Green Tea,Mattress Toppers,Twin-XL,4,Green Tea Mattress Toppers Twin-XL size 4 inch
B0BNL71D,Bamboo Charcoal,Mattress Toppers,Queen,3,Bamboo Charcoal Mattress Toppers Queen size 3 inch
B0BNL3Y4,Bamboo Charcoal,Mattress Toppers,Full,2,Bamboo Charcoal Mattress Toppers Full size 2 inch
B09MR3XT,Bamboo charcoal,Mattress,Queen (U.S. Standard),8,Bamboo charcoal Mattress Queen (U.S. Standard) size 8 inch
B0BNL1CG,Swirl Egg-Shell,Mattress Toppers,Queen,4,Swirl Egg-Shell Mattress Toppers Queen size 4 inch
B0BRCXQR,Anula,Mattress,Twin,8,Anula Mattress Twin size 8 inch
B09MR4B1,Bamboo charcoal,Mattress,Twin,8,Bamboo charcoal Mattress Twin size 8 inch
B0B31VFJ,Bamboo charcoal,Mattress,Queen (U.S. Standard),6,Bamboo charcoal Mattress Queen (U.S. Standard) size 6 inch
B09X1F8C,Elizabeth,Mattress,Full,6,Elizabeth Mattress Full size 6 inch
B09MR3Y2,Bamboo charcoal,Mattress,Full,8,Bamboo charcoal Mattress Full size 8 inch
B09KDN7P,Elizabeth,Mattress,Queen (U.S. Standard),8,Elizabeth Mattress Queen (U.S. Standard) size 8 inch
B0BNL4S7,Bamboo Charcoal,Mattress Toppers,Twin-XL,2,Bamboo Charcoal Mattress Toppers Twin-XL size 2 inch
B09KTMLQ,Innerspring,Mattress,Full,8,Innerspring Mattress Full size 8 inch
B0BRCXXB,Anula,Mattress,Full,6,Anula Mattress Full size 6 inch
B0BNL5BK,Bamboo Charcoal,Mattress Toppers,Twin,2,Bamboo Charcoal Mattress Toppers Twin size 2 inch
B09X1F8C,Elizabeth,Mattress,Full,6,Elizabeth Mattress Full size 6 inch
B09X1DHR,Elizabeth,Mattress,Queen (U.S. Standard),14,Elizabeth Mattress Queen (U.S. Standard) size 14 inch
B0BRCYV7,Anula,Mattress,Twin XL,8,Anula Mattress Twin XL size 8 inch
B0B31T1X,Bamboo charcoal,Mattress,Full,14,Bamboo charcoal Mattress Full size 14 inch
B0BNKZ5S,5-Zone gel,Mattress Toppers,Full,3,5-Zone gel Mattress Toppers Full size 3 inch
B0B69DK8,Victoria,Mattress,Queen (U.S. Standard),12,Victoria Mattress Queen (U.S. Standard) size 12 inch
B0BNL3J3,Green Tea,Mattress Toppers,Twin,2,Green Tea Mattress Toppers Twin size 2 inch
B0BNL2Z6,Green Tea,Mattress Toppers,Twin-XL,4,Green Tea Mattress Toppers Twin-XL size 4 inch
B0BRCYJ3,Anula,Mattress,Twin XL,10,Anula Mattress Twin XL size 10 inch
B09MR4G7,Bamboo charcoal,Mattress,Twin,12,Bamboo charcoal Mattress Twin size 12 inch
B09MR2FY,Bamboo charcoal,Mattress,Queen (U.S. Standard),10,Bamboo charcoal Mattress Queen (U.S. Standard) size 10 inch
B0BNKZBJ,Swirl Egg-Shell,Mattress Toppers,Twin-XL,2,Swirl Egg-Shell Mattress Toppers Twin-XL size 2 inch
B0B31R1Z,Bamboo charcoal,Mattress,Full,6,Bamboo charcoal Mattress Full size 6 inch
B09MR4D8,Bamboo charcoal,Mattress,King (U.S. Standard),10,Bamboo charcoal Mattress King (U.S. Standard) size 10 inch
B09MR4Z3,Bamboo charcoal,Mattress,Full,10,Bamboo charcoal Mattress Full size 10 inch
B0BSLWJK,Alpha,Bed Frame,Twin,14,Alpha Bed Frame Twin size 14 inch
B09MR4G7,Bamboo charcoal,Mattress,Twin,12,Bamboo charcoal Mattress Twin size 12 inch
B0BNL5BK,Bamboo Charcoal,Mattress Toppers,Twin,2,Bamboo Charcoal Mattress Toppers Twin size 2 inch
B0BNL2VK,5-Zone gel,Mattress Toppers,Full,2,5-Zone gel Mattress Toppers Full size 2 inch
B09KTMKD,Innerspring,Mattress,Twin,8,Innerspring Mattress Twin size 8 inch
B09MR6BM,Bamboo charcoal,Mattress,King (U.S. Standard),12,Bamboo charcoal Mattress King (U.S. Standard) size 12 inch
B0BG2Z8C,Victoria,Mattress,Twin,8,Victoria Mattress Twin size 8 inch
B09KDYY3,Elizabeth,Mattress,Queen (U.S. Standard),10,Elizabeth Mattress Queen (U.S. Standard) size 10 inch
B0BNL64P,Bamboo Charcoal,Mattress Toppers,King,4,Bamboo Charcoal Mattress Toppers King size 4 inch
B09MR2FY,Bamboo charcoal,Mattress,Queen (U.S. Standard),10,Bamboo charcoal Mattress Queen (U.S. Standard) size 10 inch
B09KDTS4,Elizabeth,Mattress,Full,8,Elizabeth Mattress Full size 8 inch
B0BNL4VP,Green Tea,Mattress Toppers,King,2,Green Tea Mattress Toppers King size 2 inch
B09MR2FY,Bamboo charcoal,Mattress,Queen (U.S. Standard),10,Bamboo charcoal Mattress Queen (U.S. Standard) size 10 inch
B0BSLTV9,Alpha,Bed Frame,King (U.S. Standard),14,Alpha Bed Frame King (U.S. Standard) size 14 inch
B0BRCXJ1,Anula,Mattress,King (U.S. Standard),6,Anula Mattress King (U.S. Standard) size 6 inch
B0BNL3RD,Green Tea,Mattress Toppers,Twin-XL,3,Green Tea Mattress Toppers Twin-XL size 3 inch
B0B69SF1,Victoria,Mattress,Twin,12,Victoria Mattress Twin size 12 inch
B0BRCXJR,Anula,Mattress,Full,10,Anula Mattress Full size 10 inch
B0BNL63R,Green Tea,Mattress Toppers,King,4,Green Tea Mattress Toppers King size 4 inch
B0BNL71D,Bamboo Charcoal,Mattress Toppers,Queen,3,Bamboo Charcoal Mattress Toppers Queen size 3 inch
B09KDTS4,Elizabeth,Mattress,Full,8,Elizabeth Mattress Full size 8 inch
B09KDZQJ,Elizabeth,Mattress,Twin,8,Elizabeth Mattress Twin size 8 inch
B09KDW1Y,Elizabeth,Mattress,King (U.S. Standard),8,Elizabeth Mattress King (U.S. Standard) size 8 inch
B0BNL5LC,Bamboo Charcoal,Mattress Toppers,Full,3,Bamboo Charcoal Mattress Toppers Full size 3 inch
B0BRCW79,Anula,Mattress,Queen (U.S. Standard),6,Anula Mattress Queen (U.S. Standard) size 6 inch
B0BNL1J5,5-Zone gel,Mattress Toppers,Full,1.5,5-Zone gel Mattress Toppers Full size 1.5 inch
B0B31V3P,Bamboo charcoal,Mattress,Twin,14,Bamboo charcoal Mattress Twin size 14 inch
B0BRCYK4,Anula,Mattress,Full,12,Anula Mattress Full size 12 inch
B0B69C4G,Victoria,Mattress,King (U.S. Standard),12,Victoria Mattress King (U.S. Standard) size 12 inch
B0BT51ZH,Cashmere/Isabella,Mattress,Queen (U.S. Standard),14,Cashmere/Isabella Mattress Queen (U.S. Standard) size 14 inch
B0B31SM3,Bamboo charcoal,Mattress,Queen (U.S. Standard),14,Bamboo charcoal Mattress Queen (U.S. Standard) size 14 inch
B0BNL424,Green Tea,Mattress Toppers,Queen,4,Green Tea Mattress Toppers Queen size 4 inch
B0B69DK8,Victoria,Mattress,Queen (U.S. Standard),12,Victoria Mattress Queen (U.S. Standard) size 12 inch
B09KDTS4,Elizabeth,Mattress,Full,8,Elizabeth Mattress Full size 8 inch
B0BNKZCJ,5-Zone gel,Mattress Toppers,Queen,4,5-Zone gel Mattress Toppers Queen size 4 inch
B0BRCYV7,Anula,Mattress,Twin XL,8,Anula Mattress Twin XL size 8 inch
B0BNL3YY,Green Tea,Mattress Toppers,Full,2,Green Tea Mattress Toppers Full size 2 inch
B0B69GN5,Victoria,Mattress,Twin XL,12,Victoria Mattress Twin XL size 12 inch
B09MR4G7,Bamboo charcoal,Mattress,Twin,12,Bamboo charcoal Mattress Twin size 12 inch
B0BNL3RD,Green Tea,Mattress Toppers,Twin-XL,3,Green Tea Mattress Toppers Twin-XL size 3 inch
B09KDQ2B,Elizabeth,Mattress,Full,12,Elizabeth Mattress Full size 12 inch
B09MR3RS,Bamboo charcoal,Mattress,Twin XL,8,Bamboo charcoal Mattress Twin XL size 8 inch
B0BT4YQS,Cashmere/Isabella,Mattress,Full,14,Cashmere/Isabella Mattress Full size 14 inch
B0B69DD2,Victoria,Mattress,Queen (U.S. Standard),10,Victoria Mattress Queen (U.S. Standard) size 10 inch
B0BNL46Y,Bamboo Charcoal,Mattress Toppers,Queen,1.5,Bamboo Charcoal Mattress Toppers Queen size 1.5 inch
B0B31T1X,Bamboo charcoal,Mattress,Full,14,Bamboo charcoal Mattress Full size 14 inch
B0BRCXST,Anula,Mattress,King (U.S. Standard),10,Anula Mattress King (U.S. Standard) size 10 inch
B0BNKXC5,Swirl Egg-Shell,Mattress Toppers,Twin,1.5,Swirl Egg-Shell Mattress Toppers Twin size 1.5 inch
B0BNL5FV,Bamboo Charcoal,Mattress Toppers,King,2,Bamboo Charcoal Mattress Toppers King size 2 inch
B0BNKYPV,Swirl Egg-Shell,Mattress Toppers,King,2,Swirl Egg-Shell Mattress Toppers King size 2 inch
B0BSLTZV,Alpha,Bed Frame,Full,14,Alpha Bed Frame Full size 14 inch
B09X1H62,Elizabeth,Mattress,Twin,14,Elizabeth Mattress Twin size 14 inch
B0BRCXQM,Anula,Mattress,Twin XL,12,Anula Mattress Twin XL size 12 inch
B0BRCXJ1,Anula,Mattress,King (U.S. Standard),6,Anula Mattress King (U.S. Standard) size 6 inch
B0BNKY2Y,Swirl Egg-Shell,Mattress Toppers,King,3,Swirl Egg-Shell Mattress Toppers King size 3 inch
B0BNL1J5,5-Zone gel,Mattress Toppers,Full,1.5,5-Zone gel Mattress Toppers Full size 1.5 inch
B09MR3XT,Bamboo charcoal,Mattress,Queen (U.S. Standard),8,Bamboo charcoal Mattress Queen (U.S. Standard) size 8 inch
B0B31VFJ,Bamboo charcoal,Mattress,Queen (U.S. Standard),6,Bamboo charcoal Mattress Queen (U.S. Standard) size 6 inch
B0BG2Z8C,Victoria,Mattress,Twin,8,Victoria Mattress Twin size 8 inch
B09MR36M,Bamboo charcoal,Mattress,Twin XL,10,Bamboo charcoal Mattress Twin XL size 10 inch
B0BNL3NZ,Bamboo Charcoal,Mattress Toppers,Queen,4,Bamboo Charcoal Mattress Toppers Queen size 4 inch
B09MR4G7,Bamboo charcoal,Mattress,Twin,12,Bamboo charcoal Mattress Twin size 12 inch
B0BNKYPV,Swirl Egg-Shell,Mattress Toppers,King,2,Swirl Egg-Shell Mattress Toppers King size 2 inch
B09KTFXX,Innerspring,Mattress,Queen (U.S. Standard),6,Innerspring Mattress Queen (U.S. Standard) size 6 inch
B09X1J3W,Elizabeth,Mattress,King (U.S. Standard),14,Elizabeth Mattress King (U.S. Standard) size 14 inch
B0B69GN5,Victoria,Mattress,Twin XL,12,Victoria Mattress Twin XL size 12 inch
B09MR4G7,Bamboo charcoal,Mattress,Twin,12,Bamboo charcoal Mattress Twin size 12 inch
B09MR3XT,Bamboo charcoal,Mattress,Queen (U.S. Standard),8,Bamboo charcoal Mattress Queen (U.S. Standard) size 8 inch
B0BG2T78,Victoria,Mattress,Twin XL,8,Victoria Mattress Twin XL size 8 inch
B09MR4B1,Bamboo charcoal,Mattress,Twin,8,Bamboo charcoal Mattress Twin size 8 inch
B09X1H62,Elizabeth,Mattress,Twin,14,Elizabeth Mattress Twin size 14 inch
B0BT51RJ,Cashmere/Isabella,Mattress,Twin,14,Cashmere/Isabella Mattress Twin size 14 inch
B0BG2Z8C,Victoria,Mattress,Twin,8,Victoria Mattress Twin size 8 inch
B09MR56Q,Bamboo charcoal,Mattress,Twin XL,12,Bamboo charcoal Mattress Twin XL size 12 inch
B0BRCYQN,Anula,Mattress,Twin,6,Anula Mattress Twin size 6 inch
B0BNL5CJ,Bamboo Charcoal,Mattress Toppers,Queen,2,Bamboo Charcoal Mattress Toppers Queen size 2 inch
B0BNL6H1,Bamboo Charcoal,Mattress Toppers,Full,4,Bamboo Charcoal Mattress Toppers Full size 4 inch
B0B31V3P,Bamboo charcoal,Mattress,Twin,14,Bamboo charcoal Mattress Twin size 14 inch
B09MR5Q6,Bamboo charcoal,Mattress,Twin,10,Bamboo charcoal Mattress Twin size 10 inch
B0BRCYQN,Anula,Mattress,Twin,6,Anula Mattress Twin size 6 inch
B09MR4Z3,Bamboo charcoal,Mattress,Full,12,Bamboo charcoal Mattress Full size 12 inch
B0BNKZKG,5-Zone gel,Mattress Toppers,Queen,2,5-Zone gel Mattress Toppers Queen size 2 inch
B09KTJRH,Innerspring,Mattress,Full,6,Innerspring Mattress Full size 6 inch
B0BSLWJK,Alpha,Bed Frame,Twin,14,Alpha Bed Frame Twin size 14 inch
B0BRCW2B,Anula,Mattress,Queen (U.S. Standard),12,Anula Mattress Queen (U.S. Standard) size 12 inch
B0BNL11Q,Swirl Egg-Shell,Mattress Toppers,Twin-XL,4,Swirl Egg-Shell Mattress Toppers Twin-XL size 4 inch
B0BNL4S7,Bamboo Charcoal,Mattress Toppers,Twin-XL,2,Bamboo Charcoal Mattress Toppers Twin-XL size 2 inch
B0B69DD2,Victoria,Mattress,Queen (U.S. Standard),10,Victoria Mattress Queen (U.S. Standard) size 10 inch
B09KTMKD,Innerspring,Mattress,Twin,8,Innerspring Mattress Twin size 8 inch
B0B31SVP,Bamboo charcoal,Mattress,Twin XL,14,Bamboo charcoal Mattress Twin XL size 14 inch
B09KDW1Y,Elizabeth,Mattress,King (U.S. Standard),8,Elizabeth Mattress King (U.S. Standard) size 8 inch
B0B31SVP,Bamboo charcoal,Mattress,Twin XL,14,Bamboo charcoal Mattress Twin XL size 14 inch
B0BNL46Y,Bamboo Charcoal,Mattress Toppers,Queen,1.5,Bamboo Charcoal Mattress Toppers Queen size 1.5 inch
B0BRCY68,Anula,Mattress,King (U.S. Standard),12,Anula Mattress King (U.S. Standard) size 12 inch
B0BRCYV7,Anula,Mattress,Twin XL,8,Anula Mattress Twin XL size 8 inch
B0B69SF1,Victoria,Mattress,Twin,12,Victoria Mattress Twin size 12 inch
B0BSLTZV,Alpha,Bed Frame,Full,14,Alpha Bed Frame Full size 14 inch
B0BNL4S6,Bamboo Charcoal,Mattress Toppers,Twin-XL,1.5,Bamboo Charcoal Mattress Toppers Twin-XL size 1.5 inch
B09MR3Y2,Bamboo charcoal,Mattress,Full,8,Bamboo charcoal Mattress Full size 8 inch
B09MR3Y2,Bamboo charcoal,Mattress,Full,8,Bamboo charcoal Mattress Full size 8 inch
B0B31Y1F,Bamboo charcoal,Mattress,Twin,6,Bamboo charcoal Mattress Twin size 6 inch
B09MR4Z3,Bamboo charcoal,Mattress,Full,12,Bamboo charcoal Mattress Full size 12 inch
B0BNLS6Y,Bamboo Charcoal,Mattress Toppers,Twin,3,Bamboo Charcoal Mattress Toppers Twin size 3 inch
B0BNL4VP,Green Tea,Mattress Toppers,King,2,Green Tea Mattress Toppers King size 2 inch
B0BNL4R8,Bamboo Charcoal,Mattress Toppers,Twin-XL,3,Bamboo Charcoal Mattress Toppers Twin-XL size 3 inch
B0BNL3RD,Green Tea,Mattress Toppers,Twin-XL,3,Green Tea Mattress Toppers Twin-XL size 3 inch
B09X1HV1,Elizabeth,Mattress,Twin XL,6,Elizabeth Mattress Twin XL size 6 inch
B09MR4Z3,Bamboo charcoal,Mattress,Full,10,Bamboo charcoal Mattress Full size 10 inch
B0BRCXQM,Anula,Mattress,Twin XL,12,Anula Mattress Twin XL size 12 inch
B0BNKYZD,Swirl Egg-Shell,Mattress Toppers,Twin,2,Swirl Egg-Shell Mattress Toppers Twin size 2 inch
B0BNL1J5,5-Zone gel,Mattress Toppers,Full,1.5,5-Zone gel Mattress Toppers Full size 1.5 inch
B09KDVXT,Elizabeth,Mattress,Full,10,Elizabeth Mattress Full size 10 inch
B0BNKZ5S,5-Zone gel,Mattress Toppers,Full,3,5-Zone gel Mattress Toppers Full size 3 inch
B0BRCW79,Anula,Mattress,Queen (U.S. Standard),6,Anula Mattress Queen (U.S. Standard) size 6 inch
B0BNKYW3,Swirl Egg-Shell,Mattress Toppers,Full,2,Swirl Egg-Shell Mattress Toppers Full size 2 inch
B09MR4Z3,Bamboo charcoal,Mattress,Full,12,Bamboo charcoal Mattress Full size 12 inch
B0BNL2Z6,Green Tea,Mattress Toppers,Twin-XL,4,Green Tea Mattress Toppers Twin-XL size 4 inch
B0BRCY8Q,Anula,Mattress,Twin,10,Anula Mattress Twin size 10 inch
B09KTMKD,Innerspring,Mattress,Twin,8,Innerspring Mattress Twin size 8 inch
B0BNL4S6,Bamboo Charcoal,Mattress Toppers,Twin-XL,1.5,Bamboo Charcoal Mattress Toppers Twin-XL size 1.5 inch
B09X1HV1,Elizabeth,Mattress,Twin XL,6,Elizabeth Mattress Twin XL size 6 inch
B09KDTS4,Elizabeth,Mattress,Full,8,Elizabeth Mattress Full size 8 inch
B0B31R1Z,Bamboo charcoal,Mattress,Full,6,Bamboo charcoal Mattress Full size 6 inch
B0BNL2VK,5-Zone gel,Mattress Toppers,Full,2,5-Zone gel Mattress Toppers Full size 2 inch
B09MR4D8,Bamboo charcoal,Mattress,King (U.S. Standard),10,Bamboo charcoal Mattress King (U.S. Standard) size 10 inch
B0BNL7TJ,Swirl Egg-Shell,Mattress Toppers,Full,4,Swirl Egg-Shell Mattress Toppers Full size 4 inch
B0BNL5LC,Bamboo Charcoal,Mattress Toppers,Full,3,Bamboo Charcoal Mattress Toppers Full size 3 inch
B0B31SM3,Bamboo charcoal,Mattress,Queen (U.S. Standard),14,Bamboo charcoal Mattress Queen (U.S. Standard) size 14 inch
B0BRCXQM,Anula,Mattress,Twin XL,12,Anula Mattress Twin XL size 12 inch
B09MR6BM,Bamboo charcoal,Mattress,King (U.S. Standard),12,Bamboo charcoal Mattress King (U.S. Standard) size 12 inch
B0BRCXP7,Anula,Mattress,Full,8,Anula Mattress Full size 8 inch
B0BRCXST,Anula,Mattress,King (U.S. Standard),10,Anula Mattress King (U.S. Standard) size 10 inch
B09KTMKD,Innerspring,Mattress,Twin,8,Innerspring Mattress Twin size 8 inch
B0BNL3J3,Green Tea,Mattress Toppers,Twin,2,Green Tea Mattress Toppers Twin size 2 inch
B0BNLS6Y,Bamboo Charcoal,Mattress Toppers,Twin,3,Bamboo Charcoal Mattress Toppers Twin size 3 inch
B0B31T1X,Bamboo charcoal,Mattress,Full,14,Bamboo charcoal Mattress Full size 14 inch
B0B31VFJ,Bamboo charcoal,Mattress,Queen (U.S. Standard),6,Bamboo charcoal Mattress Queen (U.S. Standard) size 6 inch
B0BNL4Y2,Bamboo Charcoal,Mattress Toppers,Twin-XL,4,Bamboo Charcoal Mattress Toppers Twin-XL size 4 inch
B0B69DD2,Victoria,Mattress,Queen (U.S. Standard),10,Victoria Mattress Queen (U.S. Standard) size 10 inch
B09KDYY3,Elizabeth,Mattress,Queen (U.S. Standard),10,Elizabeth Mattress Queen (U.S. Standard) size 10 inch
B0BSLVXH,Alpha,Bed Frame,Queen (U.S. Standard),14,Alpha Bed Frame Queen (U.S. Standard) size 14 inch
B09MR5Q6,Bamboo charcoal,Mattress,Twin,10,Bamboo charcoal Mattress Twin size 10 inch
B09X1GMW,Elizabeth,Mattress,Twin XL,14,Elizabeth Mattress Twin XL size 14 inch
B09MR3XT,Bamboo charcoal,Mattress,Queen (U.S. Standard),8,Bamboo charcoal Mattress Queen (U.S. Standard) size 8 inch
B09KTFXX,Innerspring,Mattress,Queen (U.S. Standard),6,Innerspring Mattress Queen (U.S. Standard) size 6 inch
B0BSLVXH,Alpha,Bed Frame,Queen (U.S. Standard),14,Alpha Bed Frame Queen (U.S. Standard) size 14 inch
B0BNL424,Green Tea,Mattress Toppers,Queen,4,Green Tea Mattress Toppers Queen size 4 inch
B0BNL46Y,Bamboo Charcoal,Mattress Toppers,Queen,1.5,Bamboo Charcoal Mattress Toppers Queen size 1.5 inch
B0BNKXC5,Swirl Egg-Shell,Mattress Toppers,Twin,1.5,Swirl Egg-Shell Mattress Toppers Twin size 1.5 inch
B0BNL3ZH,Green Tea,Mattress Toppers,Full,4,Green Tea Mattress Toppers Full size 4 inch
B0BNL3NZ,Bamboo Charcoal,Mattress Toppers,Queen,4,Bamboo Charcoal Mattress Toppers Queen size 4 inch
B0BRCXQR,Anula,Mattress,Twin,8,Anula Mattress Twin size 8 inch
B0BNL12N,5-Zone gel,Mattress Toppers,King,2,5-Zone gel Mattress Toppers King size 2 inch
B0BNL23M,5-Zone gel,Mattress Toppers,King,1.5,5-Zone gel Mattress Toppers King size 1.5 inch
B0BRCYJ4,Anula,Mattress,Twin XL,6,Anula Mattress Twin XL size 6 inch
B0BRCYJ4,Anula,Mattress,Twin XL,6,Anula Mattress Twin XL size 6 inch
B0BNL1RD,Swirl Egg-Shell,Mattress Toppers,Full,3,Swirl Egg-Shell Mattress Toppers Full size 3 inch
B0B69SF1,Victoria,Mattress,Twin,12,Victoria Mattress Twin size 12 inch
B0BNL4L4,Green Tea,Mattress Toppers,Twin,4,Green Tea Mattress Toppers Twin size 4 inch
B0BRCXXB,Anula,Mattress,Full,6,Anula Mattress Full size 6 inch
B0BNL1J5,5-Zone gel,Mattress Toppers,Full,1.5,5-Zone gel Mattress Toppers Full size 1.5 inch
B09X1F8C,Elizabeth,Mattress,Full,6,Elizabeth Mattress Full size 6 inch
B0BNL3Y4,Bamboo Charcoal,Mattress Toppers,Full,2,Bamboo Charcoal Mattress Toppers Full size 2 inch
B09KDRMR,Elizabeth,Mattress,King (U.S. Standard),10,Elizabeth Mattress King (U.S. Standard) size 10 inch
B09MR56Q,Bamboo charcoal,Mattress,Twin XL,12,Bamboo charcoal Mattress Twin XL size 12 inch
B0BNKZ88,Swirl Egg-Shell,Mattress Toppers,Twin,3,Swirl Egg-Shell Mattress Toppers Twin size 3 inch
B09KDW1Y,Elizabeth,Mattress,King (U.S. Standard),8,Elizabeth Mattress King (U.S. Standard) size 8 inch
B0BSLVXH,Alpha,Bed Frame,Queen (U.S. Standard),14,Alpha Bed Frame Queen (U.S. Standard) size 14 inch
B09MR2FY,Bamboo charcoal,Mattress,Queen (U.S. Standard),10,Bamboo charcoal Mattress Queen (U.S. Standard) size 10 inch
B0BRCXP7,Anula,Mattress,Full,8,Anula Mattress Full size 8 inch
B0BNL3RD,Green Tea,Mattress Toppers,Twin-XL,3,Green Tea Mattress Toppers Twin-XL size 3 inch
B0B31V3P,Bamboo charcoal,Mattress,Twin,14,Bamboo charcoal Mattress Twin size 14 inch
B0BNL11Q,Swirl Egg-Shell,Mattress Toppers,Twin-XL,4,Swirl Egg-Shell Mattress Toppers Twin-XL size 4 inch
B0BNKZYZ,Swirl Egg-Shell,Mattress Toppers,King,1.5,Swirl Egg-Shell Mattress Toppers King size 1.5 inch
B0BG2T78,Victoria,Mattress,Twin XL,8,Victoria Mattress Twin XL size 8 inch
B0BNKZ88,Swirl Egg-Shell,Mattress Toppers,Twin,3,Swirl Egg-Shell Mattress Toppers Twin size 3 inch
B09MR3RS,Bamboo charcoal,Mattress,Twin XL,8,Bamboo charcoal Mattress Twin XL size 8 inch
B0BNL71D,Bamboo Charcoal,Mattress Toppers,Queen,3,Bamboo Charcoal Mattress Toppers Queen size 3 inch
B09KDQ2B,Elizabeth,Mattress,Full,12,Elizabeth Mattress Full size 12 inch
B09KDRMR,Elizabeth,Mattress,King (U.S. Standard),10,Elizabeth Mattress King (U.S. Standard) size 10 inch
B0BT5234,Cashmere/Isabella,Mattress,Twin XL,14,Cashmere/Isabella Mattress Twin XL size 14 inch
B0BNKZBJ,Swirl Egg-Shell,Mattress Toppers,Twin-XL,2,Swirl Egg-Shell Mattress Toppers Twin-XL size 2 inch
B0BRCY8Q,Anula,Mattress,Twin,10,Anula Mattress Twin size 10 inch
B0BSLTZV,Alpha,Bed Frame,Full,14,Alpha Bed Frame Full size 14 inch
B09KDVXT,Elizabeth,Mattress,Full,10,Elizabeth Mattress Full size 10 inch
B09KDZQJ,Elizabeth,Mattress,Twin,8,Elizabeth Mattress Twin size 8 inch
B09KDPXY,Elizabeth,Mattress,Twin XL,12,Elizabeth Mattress Twin XL size 12 inch
B0BNKZYZ,Swirl Egg-Shell,Mattress Toppers,King,1.5,Swirl Egg-Shell Mattress Toppers King size 1.5 inch
B0BNL12N,5-Zone gel,Mattress Toppers,King,2,5-Zone gel Mattress Toppers King size 2 inch
B0BNL64P,Bamboo Charcoal,Mattress Toppers,King,4,Bamboo Charcoal Mattress Toppers King size 4 inch
B09KDTS4,Elizabeth,Mattress,Full,8,Elizabeth Mattress Full size 8 inch
B0BRCXXB,Anula,Mattress,Full,6,Anula Mattress Full size 6 inch
B09X1H62,Elizabeth,Mattress,Twin,14,Elizabeth Mattress Twin size 14 inch
B0BRCXJ1,Anula,Mattress,King (U.S. Standard),6,Anula Mattress King (U.S. Standard) size 6 inch
B0B31VFJ,Bamboo charcoal,Mattress,Queen (U.S. Standard),6,Bamboo charcoal Mattress Queen (U.S. Standard) size 6 inch
B09KDPXY,Elizabeth,Mattress,Twin XL,12,Elizabeth Mattress Twin XL size 12 inch
B0B69C4G,Victoria,Mattress,King (U.S. Standard),12,Victoria Mattress King (U.S. Standard) size 12 inch
B09MR4Z3,Bamboo charcoal,Mattress,Full,10,Bamboo charcoal Mattress Full size 10 inch
B0BRCXCX,Anula,Mattress,Queen (U.S. Standard),10,Anula Mattress Queen (U.S. Standard) size 10 inch
B0BRCYK4,Anula,Mattress,Full,12,Anula Mattress Full size 12 inch
B0BRCYJ4,Anula,Mattress,Twin XL,6,Anula Mattress Twin XL size 6 inch
B09KDQ2B,Elizabeth,Mattress,Full,12,Elizabeth Mattress Full size 12 inch
B0BRCXJR,Anula,Mattress,Full,10,Anula Mattress Full size 10 inch
B0BRCY8Q,Anula,Mattress,Twin,10,Anula Mattress Twin size 10 inch
B0BNKZCJ,5-Zone gel,Mattress Toppers,Queen,4,5-Zone gel Mattress Toppers Queen size 4 inch
B09MR3RS,Bamboo charcoal,Mattress,Twin XL,8,Bamboo charcoal Mattress Twin XL size 8 inch
B09KTMLQ,Innerspring,Mattress,Full,8,Innerspring Mattress Full size 8 inch
B0BRCW79,Anula,Mattress,Queen (U.S. Standard),6,Anula Mattress Queen (U.S. Standard) size 6 inch
B0BRCXQM,Anula,Mattress,Twin XL,12,Anula Mattress Twin XL size 12 inch
B09MR4D8,Bamboo charcoal,Mattress,King (U.S. Standard),10,Bamboo charcoal Mattress King (U.S. Standard) size 10 inch
B0BSLWJK,Alpha,Bed Frame,Twin,14,Alpha Bed Frame Twin size 14 inch
B0BNL5FV,Bamboo Charcoal,Mattress Toppers,King,2,Bamboo Charcoal Mattress Toppers King size 2 inch
B0B31VFJ,Bamboo charcoal,Mattress,Queen (U.S. Standard),6,Bamboo charcoal Mattress Queen (U.S. Standard) size 6 inch
B0BNL4R8,Bamboo Charcoal,Mattress Toppers,Twin-XL,3,Bamboo Charcoal Mattress Toppers Twin-XL size 3 inch
B0B31Y1F,Bamboo charcoal,Mattress,Twin,6,Bamboo charcoal Mattress Twin size 6 inch
B0BRCXJR,Anula,Mattress,Full,10,Anula Mattress Full size 10 inch
B0B31T1X,Bamboo charcoal,Mattress,Full,14,Bamboo charcoal Mattress Full size 14 inch
B0BNKXC5,Swirl Egg-Shell,Mattress Toppers,Twin,1.5,Swirl Egg-Shell Mattress Toppers Twin size 1.5 inch
B09X1H62,Elizabeth,Mattress,Twin,14,Elizabeth Mattress Twin size 14 inch
B09X1DHR,Elizabeth,Mattress,Queen (U.S. Standard),14,Elizabeth Mattress Queen (U.S. Standard) size 14 inch
B0BNKYPV,Swirl Egg-Shell,Mattress Toppers,King,2,Swirl Egg-Shell Mattress Toppers King size 2 inch
B09X1DHR,Elizabeth,Mattress,Queen (U.S. Standard),14,Elizabeth Mattress Queen (U.S. Standard) size 14 inch
B0BRCYJ3,Anula,Mattress,Twin XL,10,Anula Mattress Twin XL size 10 inch
B09KDW1Y,Elizabeth,Mattress,King (U.S. Standard),8,Elizabeth Mattress King (U.S. Standard) size 8 inch
B0B69GN5,Victoria,Mattress,Twin XL,12,Victoria Mattress Twin XL size 12 inch
B09MR4G7,Bamboo charcoal,Mattress,Twin,12,Bamboo charcoal Mattress Twin size 12 inch
B0BNL4NX,Green Tea,Mattress Toppers,Twin,1.5,Green Tea Mattress Toppers Twin size 1.5 inch
B0BG2Z8C,Victoria,Mattress,Twin,8,Victoria Mattress Twin size 8 inch
B0BNL4Y2,Bamboo Charcoal,Mattress Toppers,Twin-XL,4,Bamboo Charcoal Mattress Toppers Twin-XL size 4 inch
B09KTJRH,Innerspring,Mattress,Full,6,Innerspring Mattress Full size 6 inch
B09MR3RS,Bamboo charcoal,Mattress,Twin XL,8,Bamboo charcoal Mattress Twin XL size 8 inch
B0BG2QXQ,Victoria,Mattress,King (U.S. Standard),8,Victoria Mattress King (U.S. Standard) size 8 inch
B0BNL2DX,5-Zone gel,Mattress Toppers,Twin-XL,4,5-Zone gel Mattress Toppers Twin-XL size 4 inch
B0BNL4CB,Green Tea,Mattress Toppers,Twin-XL,1.5,Green Tea Mattress Toppers Twin-XL size 1.5 inch
B09KDN7P,Elizabeth,Mattress,Queen (U.S. Standard),8,Elizabeth Mattress Queen (U.S. Standard) size 8 inch
B0B31V3P,Bamboo charcoal,Mattress,Twin,14,Bamboo charcoal Mattress Twin size 14 inch
B0BRCXCX,Anula,Mattress,Queen (U.S. Standard),10,Anula Mattress Queen (U.S. Standard) size 10 inch
B0BSLTV9,Alpha,Bed Frame,King (U.S. Standard),14,Alpha Bed Frame King (U.S. Standard) size 14 inch
B0BRCYK4,Anula,Mattress,Full,12,Anula Mattress Full size 12 inch
B0BNL5FV,Bamboo Charcoal,Mattress Toppers,King,2,Bamboo Charcoal Mattress Toppers King size 2 inch
B0BG2PD3,Victoria,Mattress,Full,8,Victoria Mattress Full size 8 inch
B09MR2FY,Bamboo charcoal,Mattress,Queen (U.S. Standard),10,Bamboo charcoal Mattress Queen (U.S. Standard) size 10 inch
B09MR5Q6,Bamboo charcoal,Mattress,Twin,10,Bamboo charcoal Mattress Twin size 10 inch
B0BNL117,Swirl Egg-Shell,Mattress Toppers,Queen,3,Swirl Egg-Shell Mattress Toppers Queen size 3 inch
B0BRCYJ3,Anula,Mattress,Twin XL,10,Anula Mattress Twin XL size 10 inch
B0BRCYQN,Anula,Mattress,Twin,6,Anula Mattress Twin size 6 inch
B09MR4G7,Bamboo charcoal,Mattress,Twin,12,Bamboo charcoal Mattress Twin size 12 inch
B0BSLVXH,Alpha,Bed Frame,Queen (U.S. Standard),14,Alpha Bed Frame Queen (U.S. Standard) size 14 inch
B0BNL23M,5-Zone gel,Mattress Toppers,King,1.5,5-Zone gel Mattress Toppers King size 1.5 inch
B0BRCX2K,Anula,Mattress,King (U.S. Standard),8,Anula Mattress King (U.S. Standard) size 8 inch
B0BG2T78,Victoria,Mattress,Twin XL,8,Victoria Mattress Twin XL size 8 inch
B09KF1P3,Elizabeth,Mattress,King (U.S. Standard),12,Elizabeth Mattress King (U.S. Standard) size 12 inch
B0BNL3J3,Green Tea,Mattress Toppers,Twin,2,Green Tea Mattress Toppers Twin size 2 inch
B0BRCYV7,Anula,Mattress,Twin XL,8,Anula Mattress Twin XL size 8 inch
B0BNLBQN,Bamboo Charcoal,Mattress Toppers,King,3,Bamboo Charcoal Mattress Toppers King size 3 inch
B09MR3XT,Bamboo charcoal,Mattress,Queen (U.S. Standard),8,Bamboo charcoal Mattress Queen (U.S. Standard) size 8 inch
B09MR3Y2,Bamboo charcoal,Mattress,Full,8,Bamboo charcoal Mattress Full size 8 inch
B0BRCW2B,Anula,Mattress,Queen (U.S. Standard),12,Anula Mattress Queen (U.S. Standard) size 12 inch
B0BRCYV7,Anula,Mattress,Twin XL,8,Anula Mattress Twin XL size 8 inch
B0BNKZKG,5-Zone gel,Mattress Toppers,Queen,2,5-Zone gel Mattress Toppers Queen size 2 inch
B0B69C4G,Victoria,Mattress,King (U.S. Standard),12,Victoria Mattress King (U.S. Standard) size 12 inch
B09KDZQJ,Elizabeth,Mattress,Twin,8,Elizabeth Mattress Twin size 8 inch
B0BNL5N2,Green Tea,Mattress Toppers,Twin-XL,2,Green Tea Mattress Toppers Twin-XL size 2 inch
B0BRCYJ3,Anula,Mattress,Twin XL,10,Anula Mattress Twin XL size 10 inch
B0BNL3Y4,Bamboo Charcoal,Mattress Toppers,Full,2,Bamboo Charcoal Mattress Toppers Full size 2 inch
B0BRCY8Q,Anula,Mattress,Twin,10,Anula Mattress Twin size 10 inch
B0BSLTZV,Alpha,Bed Frame,Full,14,Alpha Bed Frame Full size 14 inch
B0BRCXQR,Anula,Mattress,Twin,8,Anula Mattress Twin size 8 inch
B0BRCXJR,Anula,Mattress,Full,10,Anula Mattress Full size 10 inch
B0BNL5N2,Green Tea,Mattress Toppers,Twin-XL,2,Green Tea Mattress Toppers Twin-XL size 2 inch
B0BNL4S7,Bamboo Charcoal,Mattress Toppers,Twin-XL,2,Bamboo Charcoal Mattress Toppers Twin-XL size 2 inch
B09KDYY3,Elizabeth,Mattress,Queen (U.S. Standard),10,Elizabeth Mattress Queen (U.S. Standard) size 10 inch
B0BNL4HP,Green Tea,Mattress Toppers,Full,1.5,Green Tea Mattress Toppers Full size 1.5 inch
B0BNL4L4,Green Tea,Mattress Toppers,Twin,4,Green Tea Mattress Toppers Twin size 4 inch
B0B31SVP,Bamboo charcoal,Mattress,Twin XL,14,Bamboo charcoal Mattress Twin XL size 14 inch
B09X1HV1,Elizabeth,Mattress,Twin XL,6,Elizabeth Mattress Twin XL size 6 inch
B09KTMLQ,Innerspring,Mattress,Full,8,Innerspring Mattress Full size 8 inch
B0BNL43X,Bamboo Charcoal,Mattress Toppers,King,1.5,Bamboo Charcoal Mattress Toppers King size 1.5 inch
B0BNL2DX,5-Zone gel,Mattress Toppers,Twin-XL,4,5-Zone gel Mattress Toppers Twin-XL size 4 inch
B09MR4B1,Bamboo charcoal,Mattress,Twin,8,Bamboo charcoal Mattress Twin size 8 inch
B09KDRMR,Elizabeth,Mattress,King (U.S. Standard),10,Elizabeth Mattress King (U.S. Standard) size 10 inch
B09X1GMW,Elizabeth,Mattress,Twin XL,14,Elizabeth Mattress Twin XL size 14 inch
B0BNL4NX,Green Tea,Mattress Toppers,Twin,1.5,Green Tea Mattress Toppers Twin size 1.5 inch
B0BNL4CB,Green Tea,Mattress Toppers,Twin-XL,1.5,Green Tea Mattress Toppers Twin-XL size 1.5 inch
B0BRCYQN,Anula,Mattress,Twin,6,Anula Mattress Twin size 6 inch
B09KDZQJ,Elizabeth,Mattress,Twin,8,Elizabeth Mattress Twin size 8 inch
B0BNKYW3,Swirl Egg-Shell,Mattress Toppers,Full,2,Swirl Egg-Shell Mattress Toppers Full size 2 inch
B09KDN7P,Elizabeth,Mattress,Queen (U.S. Standard),8,Elizabeth Mattress Queen (U.S. Standard) size 8 inch
B0BNKZ5S,5-Zone gel,Mattress Toppers,Full,3,5-Zone gel Mattress Toppers Full size 3 inch
B0BRCYJ4,Anula,Mattress,Twin XL,6,Anula Mattress Twin XL size 6 inch
B0B69SF1,Victoria,Mattress,Twin,12,Victoria Mattress Twin size 12 inch
B0BNL3L7,Green Tea,Mattress Toppers,Full,3,Green Tea Mattress Toppers Full size 3 inch
B0BNKZBJ,Swirl Egg-Shell,Mattress Toppers,Twin-XL,2,Swirl Egg-Shell Mattress Toppers Twin-XL size 2 inch
B0BSLTZV,Alpha,Bed Frame,Full,14,Alpha Bed Frame Full size 14 inch
B0BNL5HY,Green Tea,Mattress Toppers,Twin,3,Green Tea Mattress Toppers Twin size 3 inch
B09KDVXT,Elizabeth,Mattress,Full,10,Elizabeth Mattress Full size 10 inch
B09MR36M,Bamboo charcoal,Mattress,Twin XL,10,Bamboo charcoal Mattress Twin XL size 10 inch
B0BRCXJ1,Anula,Mattress,King (U.S. Standard),6,Anula Mattress King (U.S. Standard) size 6 inch
B0BRCXXB,Anula,Mattress,Full,6,Anula Mattress Full size 6 inch
B09MR56Q,Bamboo charcoal,Mattress,Twin XL,12,Bamboo charcoal Mattress Twin XL size 12 inch
B0BNKZFZ,5-Zone gel,Mattress Toppers,Queen,1.5,5-Zone gel Mattress Toppers Queen size 1.5 inch
B0B31Y1F,Bamboo charcoal,Mattress,Twin,6,Bamboo charcoal Mattress Twin size 6 inch
B09MR6BM,Bamboo charcoal,Mattress,King (U.S. Standard),12,Bamboo charcoal Mattress King (U.S. Standard) size 12 inch
B0BNKZFZ,5-Zone gel,Mattress Toppers,Queen,1.5,5-Zone gel Mattress Toppers Queen size 1.5 inch
B09KDYY3,Elizabeth,Mattress,Queen (U.S. Standard),10,Elizabeth Mattress Queen (U.S. Standard) size 10 inch
B0B31R1Z,Bamboo charcoal,Mattress,Full,6,Bamboo charcoal Mattress Full size 6 inch
B0BRCYV7,Anula,Mattress,Twin XL,8,Anula Mattress Twin XL size 8 inch
B09MR4B1,Bamboo charcoal,Mattress,Twin,8,Bamboo charcoal Mattress Twin size 8 inch
B0B31SM3,Bamboo charcoal,Mattress,Queen (U.S. Standard),14,Bamboo charcoal Mattress Queen (U.S. Standard) size 14 inch
B0B69DK8,Victoria,Mattress,Queen (U.S. Standard),12,Victoria Mattress Queen (U.S. Standard) size 12 inch
B0BNL43X,Bamboo Charcoal,Mattress Toppers,King,1.5,Bamboo Charcoal Mattress Toppers King size 1.5 inch
B0BRCXP7,Anula,Mattress,Full,8,Anula Mattress Full size 8 inch
B09KTFXX,Innerspring,Mattress,Queen (U.S. Standard),6,Innerspring Mattress Queen (U.S. Standard) size 6 inch
B0BNL53H,Green Tea,Mattress Toppers,Queen,1.5,Green Tea Mattress Toppers Queen size 1.5 inch
B0BNL1MQ,Swirl Egg-Shell,Mattress Toppers,Twin,4,Swirl Egg-Shell Mattress Toppers Twin size 4 inch
B0BNL5CJ,Bamboo Charcoal,Mattress Toppers,Queen,2,Bamboo Charcoal Mattress Toppers Queen size 2 inch
B09KDQ2B,Elizabeth,Mattress,Full,12,Elizabeth Mattress Full size 12 inch
B09KTJRH,Innerspring,Mattress,Full,6,Innerspring Mattress Full size 6 inch
B09KDPXY,Elizabeth,Mattress,Twin XL,12,Elizabeth Mattress Twin XL size 12 inch
B0BNL5LT,Green Tea,Mattress Toppers,Queen,2,Green Tea Mattress Toppers Queen size 2 inch
B0BNL5BK,Bamboo Charcoal,Mattress Toppers,Twin,2,Bamboo Charcoal Mattress Toppers Twin size 2 inch
B0BRCXJR,Anula,Mattress,Full,10,Anula Mattress Full size 10 inch
B0BNL2VK,5-Zone gel,Mattress Toppers,Full,2,5-Zone gel Mattress Toppers Full size 2 inch
B0BNL3YY,Green Tea,Mattress Toppers,Full,2,Green Tea Mattress Toppers Full size 2 inch
B0BG2PD3,Victoria,Mattress,Full,8,Victoria Mattress Full size 8 inch
B0BRCYK4,Anula,Mattress,Full,12,Anula Mattress Full size 12 inch
B09KF1P3,Elizabeth,Mattress,King (U.S. Standard),12,Elizabeth Mattress King (U.S. Standard) size 12 inch
B0BNLBQN,Bamboo Charcoal,Mattress Toppers,King,3,Bamboo Charcoal Mattress Toppers King size 3 inch
B0BNL5BK,Bamboo Charcoal,Mattress Toppers,Twin,2,Bamboo Charcoal Mattress Toppers Twin size 2 inch
B0BRCXQR,Anula,Mattress,Twin,8,Anula Mattress Twin size 8 inch
B0BRCYJ3,Anula,Mattress,Twin XL,10,Anula Mattress Twin XL size 10 inch
B0BNL2Z6,Green Tea,Mattress Toppers,Twin-XL,4,Green Tea Mattress Toppers Twin-XL size 4 inch
B09KDTS4,Elizabeth,Mattress,Full,8,Elizabeth Mattress Full size 8 inch
B0BNKYZD,Swirl Egg-Shell,Mattress Toppers,Twin,2,Swirl Egg-Shell Mattress Toppers Twin size 2 inch
B0BSLWJK,Alpha,Bed Frame,Twin,14,Alpha Bed Frame Twin size 14 inch
B0BSLWJK,Alpha,Bed Frame,Twin,14,Alpha Bed Frame Twin size 14 inch
B0BRCYK4,Anula,Mattress,Full,12,Anula Mattress Full size 12 inch
B0BRCXXB,Anula,Mattress,Full,6,Anula Mattress Full size 6 inch
B0B31T1X,Bamboo charcoal,Mattress,Full,14,Bamboo charcoal Mattress Full size 14 inch
B0B69DK8,Victoria,Mattress,Queen (U.S. Standard),12,Victoria Mattress Queen (U.S. Standard) size 12 inch
B0B69GN5,Victoria,Mattress,Twin XL,12,Victoria Mattress Twin XL size 12 inch
B0BRCXP7,Anula,Mattress,Full,8,Anula Mattress Full size 8 inch
B09KDN7P,Elizabeth,Mattress,Queen (U.S. Standard),8,Elizabeth Mattress Queen (U.S. Standard) size 8 inch
B0BRCXQM,Anula,Mattress,Twin XL,12,Anula Mattress Twin XL size 12 inch
B09X1F8C,Elizabeth,Mattress,Full,6,Elizabeth Mattress Full size 6 inch
B0BRCXQR,Anula,Mattress,Twin,8,Anula Mattress Twin size 8 inch
B0B31R1Z,Bamboo charcoal,Mattress,Full,6,Bamboo charcoal Mattress Full size 6 inch
B09X1F8C,Elizabeth,Mattress,Full,6,Elizabeth Mattress Full size 6 inch
B09KTMLQ,Innerspring,Mattress,Full,8,Innerspring Mattress Full size 8 inch
B09MR2FY,Bamboo charcoal,Mattress,Queen (U.S. Standard),10,Bamboo charcoal Mattress Queen (U.S. Standard) size 10 inch
B0BNL4VP,Green Tea,Mattress Toppers,King,2,Green Tea Mattress Toppers King size 2 inch
B0BNL5HY,Green Tea,Mattress Toppers,Twin,3,Green Tea Mattress Toppers Twin size 3 inch
B0BT4YQS,Cashmere/Isabella,Mattress,Full,14,Cashmere/Isabella Mattress Full size 14 inch
B0BG2Z8C,Victoria,Mattress,Twin,8,Victoria Mattress Twin size 8 inch
B0BNKZCJ,5-Zone gel,Mattress Toppers,Queen,4,5-Zone gel Mattress Toppers Queen size 4 inch
B0BG2PD3,Victoria,Mattress,Full,8,Victoria Mattress Full size 8 inch
B0B31SM3,Bamboo charcoal,Mattress,Queen (U.S. Standard),14,Bamboo charcoal Mattress Queen (U.S. Standard) size 14 inch
B09X1GMW,Elizabeth,Mattress,Twin XL,14,Elizabeth Mattress Twin XL size 14 inch
B09KF1P3,Elizabeth,Mattress,King (U.S. Standard),12,Elizabeth Mattress King (U.S. Standard) size 12 inch
B0BNL4HP,Green Tea,Mattress Toppers,Full,1.5,Green Tea Mattress Toppers Full size 1.5 inch
B0BT51ZH,Cashmere/Isabella,Mattress,Queen (U.S. Standard),14,Cashmere/Isabella Mattress Queen (U.S. Standard) size 14 inch
